group,system,species,mutation,rep,align,hem_rmsd_A
Without_O2,LegHEM22,P_sativum,WT,1,core,1.2886344185020835
Without_O2,LegHEM22,P_sativum,WT,1,whole,1.518120951827508
Without_O2,LegHEM22,P_sativum,WT,2,core,1.8517285990511125
Without_O2,LegHEM22,P_sativum,WT,2,whole,2.109814732135149
Without_O2,LegHEM22,P_sativum,WT,3,core,1.4032502567439138
Without_O2,LegHEM22,P_sativum,WT,3,whole,1.3893937716508564
Without_O2,LegHEMV53T,P_sativum,V53T,1,core,1.3026199575187472
Without_O2,LegHEMV53T,P_sativum,V53T,1,whole,1.44231294542321
Without_O2,LegHEMV53T,P_sativum,V53T,2,core,1.4734559800756883
Without_O2,LegHEMV53T,P_sativum,V53T,2,whole,1.473506646171972
Without_O2,LegHEMV53T,P_sativum,V53T,3,core,1.6620910688701385
Without_O2,LegHEMV53T,P_sativum,V53T,3,whole,1.8953161468510782
Without_O2,LegHEMV83T,P_sativum,V83T,1,core,1.1345309894830413
Without_O2,LegHEMV83T,P_sativum,V83T,1,whole,1.1546552807299895
Without_O2,LegHEMV83T,P_sativum,V83T,2,core,1.3804889795476765
Without_O2,LegHEMV83T,P_sativum,V83T,2,whole,1.4098912598311517
Without_O2,LegHEMV83T,P_sativum,V83T,3,core,1.374952070920373
Without_O2,LegHEMV83T,P_sativum,V83T,3,whole,1.6139980937481682
Without_O2,LegHEMV53V83T,P_sativum,V53T+V83T,1,core,1.6851468518105368
Without_O2,LegHEMV53V83T,P_sativum,V53T+V83T,1,whole,1.8164808796253882
Without_O2,LegHEMV53V83T,P_sativum,V53T+V83T,2,core,1.86607053699408
Without_O2,LegHEMV53V83T,P_sativum,V53T+V83T,2,whole,1.8904052498754875
Without_O2,LegHEMV53V83T,P_sativum,V53T+V83T,3,core,1.6011665624589366
Without_O2,LegHEMV53V83T,P_sativum,V53T+V83T,3,whole,1.6207967196684523
Without_O2,SpinoHEMNatural_v2,O_spinosa,WT,1,core,1.5854680800057965
Without_O2,SpinoHEMNatural_v2,O_spinosa,WT,1,whole,2.0359828559169726
Without_O2,SpinoHEMNatural_v2,O_spinosa,WT,2,core,1.4690384295720562
Without_O2,SpinoHEMNatural_v2,O_spinosa,WT,2,whole,2.7352759955750847
Without_O2,SpinoHEMNatural_v2,O_spinosa,WT,3,core,1.6017541480416728
Without_O2,SpinoHEMNatural_v2,O_spinosa,WT,3,whole,2.484368104437813
Without_O2,SpinoHEML43W_v2,O_spinosa,L43W,1,core,1.461829644493898
Without_O2,SpinoHEML43W_v2,O_spinosa,L43W,1,whole,2.531330567332848
Without_O2,SpinoHEML43W_v2,O_spinosa,L43W,2,core,1.524937887985563
Without_O2,SpinoHEML43W_v2,O_spinosa,L43W,2,whole,1.819353157861993
Without_O2,SpinoHEML43W_v2,O_spinosa,L43W,3,core,1.3716772289702177
Without_O2,SpinoHEML43W_v2,O_spinosa,L43W,3,whole,1.7570087576222764
Without_O2,SpinoHEMF125W_v2,O_spinosa,F125W,1,core,1.6126261340006558
Without_O2,SpinoHEMF125W_v2,O_spinosa,F125W,1,whole,2.486046781059204
Without_O2,SpinoHEMF125W_v2,O_spinosa,F125W,2,core,1.8025748232859073
Without_O2,SpinoHEMF125W_v2,O_spinosa,F125W,2,whole,2.190691893223519
Without_O2,SpinoHEMF125W_v2,O_spinosa,F125W,3,core,1.5128478900178959
Without_O2,SpinoHEMF125W_v2,O_spinosa,F125W,3,whole,2.0373402663547577
Without_O2,SpinoHEMF125L43W_v2,O_spinosa,F125W+L43W,1,core,1.4006890198712285
Without_O2,SpinoHEMF125L43W_v2,O_spinosa,F125W+L43W,1,whole,1.7514106232188464
Without_O2,SpinoHEMF125L43W_v2,O_spinosa,F125W+L43W,2,core,1.3904101628549979
Without_O2,SpinoHEMF125L43W_v2,O_spinosa,F125W+L43W,2,whole,2.1161544835854693
Without_O2,SpinoHEMF125L43W_v2,O_spinosa,F125W+L43W,3,core,1.7097775778974325
Without_O2,SpinoHEMF125L43W_v2,O_spinosa,F125W+L43W,3,whole,2.5340467510055302
With_O2,LegHEM22,P_sativum,WT,1,core,1.2161341435763469
With_O2,LegHEM22,P_sativum,WT,1,whole,1.4183554963488199
With_O2,LegHEM22,P_sativum,WT,2,core,1.4842788414897798
With_O2,LegHEM22,P_sativum,WT,2,whole,1.5077171487237666
With_O2,LegHEM22,P_sativum,WT,3,core,1.6875783223450007
With_O2,LegHEM22,P_sativum,WT,3,whole,1.7594582786499442
With_O2,LegHEMV83T,P_sativum,V83T,1,core,1.4108843618700075
With_O2,LegHEMV83T,P_sativum,V83T,1,whole,1.3979605814044627
With_O2,LegHEMV83T,P_sativum,V83T,2,core,1.4367208144886126
With_O2,LegHEMV83T,P_sativum,V83T,2,whole,1.4709522848005838
With_O2,LegHEMV83T,P_sativum,V83T,3,core,1.787900392580005
With_O2,LegHEMV83T,P_sativum,V83T,3,whole,1.8346010644110857
With_O2,SpinoHEMNatural,O_spinosa,WT,1,core,1.6365507761229423
With_O2,SpinoHEMNatural,O_spinosa,WT,1,whole,2.1218560308684213
With_O2,SpinoHEMNatural,O_spinosa,WT,2,core,1.6997347801617695
With_O2,SpinoHEMNatural,O_spinosa,WT,2,whole,2.135751177759002
With_O2,SpinoHEMNatural,O_spinosa,WT,3,core,1.3678809225786657
With_O2,SpinoHEMNatural,O_spinosa,WT,3,whole,1.7219842115657942
With_O2,SpinoHEMF125W,O_spinosa,F125W,1,core,1.5835303101878333
With_O2,SpinoHEMF125W,O_spinosa,F125W,1,whole,2.776051122386463
With_O2,SpinoHEMF125W,O_spinosa,F125W,2,core,1.8451771669364436
With_O2,SpinoHEMF125W,O_spinosa,F125W,2,whole,2.2545083344028685
With_O2,SpinoHEMF125W,O_spinosa,F125W,3,core,1.455388383398864
With_O2,SpinoHEMF125W,O_spinosa,F125W,3,whole,1.815739569229154
With_O2,SpinoHEMF125L43W,O_spinosa,F125W+L43W,1,core,1.1957553568423422
With_O2,SpinoHEMF125L43W,O_spinosa,F125W+L43W,1,whole,1.8003971860621952
With_O2,SpinoHEMF125L43W,O_spinosa,F125W+L43W,2,core,1.6087757153920696
With_O2,SpinoHEMF125L43W,O_spinosa,F125W+L43W,2,whole,1.9908404753207274
With_O2,SpinoHEMF125L43W,O_spinosa,F125W+L43W,3,core,1.5342550056688598
With_O2,SpinoHEMF125L43W,O_spinosa,F125W+L43W,3,whole,2.3541679260588992
