job,species,variant,index,resname,score
pea_double,P_sativum,V53T+V83T,1,M,0.8144
pea_double,P_sativum,V53T+V83T,88,T,0.0099
pea_double,P_sativum,V53T+V83T,91,A,0.5051
pea_double,P_sativum,V53T+V83T,92,I,0.8985
pea_double,P_sativum,V53T+V83T,93,H,0.5097
pea_double,P_sativum,V53T+V83T,94,I,0.9237
pea_double,P_sativum,V53T+V83T,98,V,0.0349
pea_double,P_sativum,V53T+V83T,99,V,0.272
pea_double,P_sativum,V53T+V83T,104,V,1.0515
pea_double,P_sativum,V53T+V83T,105,V,0.0421
pea_double,P_sativum,V53T+V83T,106,V,0.2151
pea_V53T,P_sativum,V53T,1,M,0.8144
pea_V53T,P_sativum,V53T,83,V,1.1027
pea_V53T,P_sativum,V53T,84,L,0.5216
pea_V53T,P_sativum,V53T,88,T,0.0103
pea_V53T,P_sativum,V53T,91,A,0.5051
pea_V53T,P_sativum,V53T,92,I,0.8985
pea_V53T,P_sativum,V53T,93,H,0.5097
pea_V53T,P_sativum,V53T,94,I,0.9237
pea_V53T,P_sativum,V53T,98,V,0.0349
pea_V53T,P_sativum,V53T,99,V,0.272
pea_V53T,P_sativum,V53T,104,V,1.0515
pea_V53T,P_sativum,V53T,105,V,0.0421
pea_V53T,P_sativum,V53T,106,V,0.2151
pea_V83T,P_sativum,V83T,1,M,0.8144
pea_V83T,P_sativum,V83T,88,T,0.0099
pea_V83T,P_sativum,V83T,91,A,0.5051
pea_V83T,P_sativum,V83T,92,I,0.8985
pea_V83T,P_sativum,V83T,93,H,0.5097
pea_V83T,P_sativum,V83T,94,I,0.9237
pea_V83T,P_sativum,V83T,98,V,0.0349
pea_V83T,P_sativum,V83T,99,V,0.272
pea_V83T,P_sativum,V83T,104,V,1.0515
pea_V83T,P_sativum,V83T,105,V,0.0421
pea_V83T,P_sativum,V83T,106,V,0.2151
pea_WT,P_sativum,WT,1,M,0.8144
pea_WT,P_sativum,WT,83,V,1.1027
pea_WT,P_sativum,WT,84,L,0.5216
pea_WT,P_sativum,WT,88,T,0.0103
pea_WT,P_sativum,WT,91,A,0.5051
pea_WT,P_sativum,WT,92,I,0.8985
pea_WT,P_sativum,WT,93,H,0.5097
pea_WT,P_sativum,WT,94,I,0.9237
pea_WT,P_sativum,WT,98,V,0.0349
pea_WT,P_sativum,WT,99,V,0.272
pea_WT,P_sativum,WT,104,V,1.0515
pea_WT,P_sativum,WT,105,V,0.0421
pea_WT,P_sativum,WT,106,V,0.2151
spi_F125W,O_spinosa,F125W,1,M,1.0123
spi_F125W,O_spinosa,F125W,2,G,0.6754
spi_F125W,O_spinosa,F125W,3,T,1.0125
spi_F125W,O_spinosa,F125W,4,V,1.9501
spi_F125W,O_spinosa,F125W,5,L,1.207
spi_F125W,O_spinosa,F125W,78,S,0.0836
spi_F125W,O_spinosa,F125W,79,V,0.251
spi_F125W,O_spinosa,F125W,81,L,0.5872
spi_F125W,O_spinosa,F125W,82,M,0.2504
spi_F125W,O_spinosa,F125W,113,Y,0.3355
spi_F125W,O_spinosa,F125W,114,G,0.3544
spi_F125W,O_spinosa,F125W,115,V,0.1173
spi_F125W,O_spinosa,F125W,125,W,0.0101
spi_double,O_spinosa,L43W+F125W,1,M,1.0123
spi_double,O_spinosa,L43W+F125W,2,G,0.6754
spi_double,O_spinosa,L43W+F125W,3,T,1.0125
spi_double,O_spinosa,L43W+F125W,4,V,1.9501
spi_double,O_spinosa,L43W+F125W,5,L,1.207
spi_double,O_spinosa,L43W+F125W,48,I,0.0471
spi_double,O_spinosa,L43W+F125W,78,S,0.0836
spi_double,O_spinosa,L43W+F125W,79,V,0.251
spi_double,O_spinosa,L43W+F125W,81,L,0.5872
spi_double,O_spinosa,L43W+F125W,82,M,0.2504
spi_double,O_spinosa,L43W+F125W,113,Y,0.3355
spi_double,O_spinosa,L43W+F125W,114,G,0.3544
spi_double,O_spinosa,L43W+F125W,115,V,0.1173
spi_double,O_spinosa,L43W+F125W,125,W,0.1099
spi_L43W,O_spinosa,L43W,1,M,1.0123
spi_L43W,O_spinosa,L43W,2,G,0.6754
spi_L43W,O_spinosa,L43W,3,T,1.0125
spi_L43W,O_spinosa,L43W,4,V,1.9501
spi_L43W,O_spinosa,L43W,5,L,1.207
spi_L43W,O_spinosa,L43W,48,I,0.0082
spi_L43W,O_spinosa,L43W,78,S,0.0836
spi_L43W,O_spinosa,L43W,79,V,0.251
spi_L43W,O_spinosa,L43W,81,L,0.5872
spi_L43W,O_spinosa,L43W,82,M,0.2504
spi_L43W,O_spinosa,L43W,113,Y,0.3355
spi_L43W,O_spinosa,L43W,114,G,0.3544
spi_L43W,O_spinosa,L43W,115,V,0.1173
spi_L43W,O_spinosa,L43W,125,F,0.3714
spi_WT,O_spinosa,WT,1,M,1.0123
spi_WT,O_spinosa,WT,2,G,0.6754
spi_WT,O_spinosa,WT,3,T,1.0125
spi_WT,O_spinosa,WT,4,V,1.9501
spi_WT,O_spinosa,WT,5,L,1.207
spi_WT,O_spinosa,WT,78,S,0.0836
spi_WT,O_spinosa,WT,79,V,0.251
spi_WT,O_spinosa,WT,81,L,0.5872
spi_WT,O_spinosa,WT,82,M,0.2504
spi_WT,O_spinosa,WT,113,Y,0.3355
spi_WT,O_spinosa,WT,114,G,0.3544
spi_WT,O_spinosa,WT,115,V,0.1173
spi_WT,O_spinosa,WT,125,F,0.3714
