job,species,variant,n_mutations,pH,average_score,max_score
pea_WT,P_sativum,WT,0,4.0,-0.7005,2.3194
pea_WT,P_sativum,WT,0,4.5,-0.7944,2.1635
pea_WT,P_sativum,WT,0,5.0,-0.9118,1.9933
pea_WT,P_sativum,WT,0,5.5,-1.0307,1.8604
pea_WT,P_sativum,WT,0,6.0,-1.1238,1.9054
pea_WT,P_sativum,WT,0,6.5,-1.1668,1.9872
pea_WT,P_sativum,WT,0,7.0,-1.1545,2.0949
pea_WT,P_sativum,WT,0,7.5,-1.1029,2.2143
pea_WT,P_sativum,WT,0,8.0,-1.0298,2.3381
pea_WT,P_sativum,WT,0,8.5,-0.9439,2.463
pea_WT,P_sativum,WT,0,9.0,-0.8472,2.5874
pea_double,P_sativum,V53T+V83T,2,4.0,-0.7485,2.3264
pea_double,P_sativum,V53T+V83T,2,4.5,-0.8422,2.1718
pea_double,P_sativum,V53T+V83T,2,5.0,-0.9589,2.002
pea_double,P_sativum,V53T+V83T,2,5.5,-1.0769,1.8627
pea_double,P_sativum,V53T+V83T,2,6.0,-1.169,1.9085
pea_double,P_sativum,V53T+V83T,2,6.5,-1.2108,1.9919
pea_double,P_sativum,V53T+V83T,2,7.0,-1.1976,2.1002
pea_double,P_sativum,V53T+V83T,2,7.5,-1.1449,2.2199
pea_double,P_sativum,V53T+V83T,2,8.0,-1.0706,2.3438
pea_double,P_sativum,V53T+V83T,2,8.5,-0.9831,2.4688
pea_double,P_sativum,V53T+V83T,2,9.0,-0.8847,2.593
pea_V53T,P_sativum,V53T,1,4.0,-0.7191,2.3194
pea_V53T,P_sativum,V53T,1,4.5,-0.8129,2.1635
pea_V53T,P_sativum,V53T,1,5.0,-0.9298,1.9933
pea_V53T,P_sativum,V53T,1,5.5,-1.0478,1.8623
pea_V53T,P_sativum,V53T,1,6.0,-1.1397,1.9076
pea_V53T,P_sativum,V53T,1,6.5,-1.1813,1.99
pea_V53T,P_sativum,V53T,1,7.0,-1.1678,2.098
pea_V53T,P_sativum,V53T,1,7.5,-1.115,2.2175
pea_V53T,P_sativum,V53T,1,8.0,-1.0406,2.3413
pea_V53T,P_sativum,V53T,1,8.5,-0.9531,2.4663
pea_V53T,P_sativum,V53T,1,9.0,-0.8547,2.5906
pea_V83T,P_sativum,V83T,1,4.0,-0.7301,2.3127
pea_V83T,P_sativum,V83T,1,4.5,-0.8241,2.1558
pea_V83T,P_sativum,V83T,1,5.0,-0.9417,1.9852
pea_V83T,P_sativum,V83T,1,5.5,-1.0605,1.8619
pea_V83T,P_sativum,V83T,1,6.0,-1.1534,1.9075
pea_V83T,P_sativum,V83T,1,6.5,-1.1962,1.9905
pea_V83T,P_sativum,V83T,1,7.0,-1.1838,2.0987
pea_V83T,P_sativum,V83T,1,7.5,-1.132,2.2183
pea_V83T,P_sativum,V83T,1,8.0,-1.0589,2.3422
pea_V83T,P_sativum,V83T,1,8.5,-0.973,2.4672
pea_V83T,P_sativum,V83T,1,9.0,-0.8764,2.5914
spi_WT,O_spinosa,WT,0,4.0,-1.053,2.4123
spi_WT,O_spinosa,WT,0,4.5,-1.1318,2.3196
spi_WT,O_spinosa,WT,0,5.0,-1.2287,2.198
spi_WT,O_spinosa,WT,0,5.5,-1.3189,2.0679
spi_WT,O_spinosa,WT,0,6.0,-1.3751,1.9491
spi_WT,O_spinosa,WT,0,6.5,-1.3773,1.8618
spi_WT,O_spinosa,WT,0,7.0,-1.3252,1.8142
spi_WT,O_spinosa,WT,0,7.5,-1.2357,1.7944
spi_WT,O_spinosa,WT,0,8.0,-1.1269,1.7875
spi_WT,O_spinosa,WT,0,8.5,-1.0078,1.7852
spi_WT,O_spinosa,WT,0,9.0,-0.8815,1.7845
spi_F125W,O_spinosa,F125W,1,4.0,-1.0636,2.4123
spi_F125W,O_spinosa,F125W,1,4.5,-1.1424,2.3196
spi_F125W,O_spinosa,F125W,1,5.0,-1.2395,2.198
spi_F125W,O_spinosa,F125W,1,5.5,-1.3302,2.0679
spi_F125W,O_spinosa,F125W,1,6.0,-1.3867,1.9491
spi_F125W,O_spinosa,F125W,1,6.5,-1.3891,1.8618
spi_F125W,O_spinosa,F125W,1,7.0,-1.3369,1.8142
spi_F125W,O_spinosa,F125W,1,7.5,-1.2473,1.7944
spi_F125W,O_spinosa,F125W,1,8.0,-1.1383,1.7875
spi_F125W,O_spinosa,F125W,1,8.5,-1.0192,1.7852
spi_F125W,O_spinosa,F125W,1,9.0,-0.8929,1.7845
spi_double,O_spinosa,L43W+F125W,2,4.0,-1.0346,2.4123
spi_double,O_spinosa,L43W+F125W,2,4.5,-1.1122,2.3196
spi_double,O_spinosa,L43W+F125W,2,5.0,-1.208,2.198
spi_double,O_spinosa,L43W+F125W,2,5.5,-1.2974,2.0679
spi_double,O_spinosa,L43W+F125W,2,6.0,-1.3526,1.9491
spi_double,O_spinosa,L43W+F125W,2,6.5,-1.3533,1.8618
spi_double,O_spinosa,L43W+F125W,2,7.0,-1.2994,1.8142
spi_double,O_spinosa,L43W+F125W,2,7.5,-1.2081,1.7944
spi_double,O_spinosa,L43W+F125W,2,8.0,-1.0979,1.7875
spi_double,O_spinosa,L43W+F125W,2,8.5,-0.9781,1.7852
spi_double,O_spinosa,L43W+F125W,2,9.0,-0.8517,1.7845
spi_L43W,O_spinosa,L43W,1,4.0,-1.0396,2.4123
spi_L43W,O_spinosa,L43W,1,4.5,-1.1176,2.3196
spi_L43W,O_spinosa,L43W,1,5.0,-1.2136,2.198
spi_L43W,O_spinosa,L43W,1,5.5,-1.3026,2.0679
spi_L43W,O_spinosa,L43W,1,6.0,-1.3568,1.9491
spi_L43W,O_spinosa,L43W,1,6.5,-1.3564,1.8618
spi_L43W,O_spinosa,L43W,1,7.0,-1.3013,1.8142
spi_L43W,O_spinosa,L43W,1,7.5,-1.2092,1.7944
spi_L43W,O_spinosa,L43W,1,8.0,-1.0984,1.7875
spi_L43W,O_spinosa,L43W,1,8.5,-0.9783,1.7852
spi_L43W,O_spinosa,L43W,1,9.0,-0.8516,1.7845
