job,species,variant,index,resname,chain,score
pea_double,P_sativum,V53T+V83T,1,M,A,0.8144
pea_double,P_sativum,V53T+V83T,2,G,A,-0.6071
pea_double,P_sativum,V53T+V83T,3,F,A,-1.0991
pea_double,P_sativum,V53T+V83T,4,T,A,-1.7195
pea_double,P_sativum,V53T+V83T,5,E,A,-2.9566
pea_double,P_sativum,V53T+V83T,6,K,A,-2.9724
pea_double,P_sativum,V53T+V83T,7,Q,A,0.0
pea_double,P_sativum,V53T+V83T,8,E,A,-1.7805
pea_double,P_sativum,V53T+V83T,9,A,A,-1.1582
pea_double,P_sativum,V53T+V83T,10,L,A,-1.1701
pea_double,P_sativum,V53T+V83T,11,V,A,0.0
pea_double,P_sativum,V53T+V83T,12,N,A,-1.1412
pea_double,P_sativum,V53T+V83T,13,S,A,-1.0291
pea_double,P_sativum,V53T+V83T,14,S,A,0.0
pea_double,P_sativum,V53T+V83T,15,W,A,0.0
pea_double,P_sativum,V53T+V83T,16,E,A,-2.6647
pea_double,P_sativum,V53T+V83T,17,L,A,-1.8519
pea_double,P_sativum,V53T+V83T,18,F,A,0.0
pea_double,P_sativum,V53T+V83T,19,K,A,-2.9731
pea_double,P_sativum,V53T+V83T,20,Q,A,-2.5459
pea_double,P_sativum,V53T+V83T,21,N,A,-1.8619
pea_double,P_sativum,V53T+V83T,22,P,A,-1.5207
pea_double,P_sativum,V53T+V83T,23,S,A,-0.8404
pea_double,P_sativum,V53T+V83T,24,Y,A,-0.8723
pea_double,P_sativum,V53T+V83T,25,S,A,0.0
pea_double,P_sativum,V53T+V83T,26,V,A,-0.2158
pea_double,P_sativum,V53T+V83T,27,L,A,-0.0748
pea_double,P_sativum,V53T+V83T,28,F,A,0.0
pea_double,P_sativum,V53T+V83T,29,Y,A,0.0
pea_double,P_sativum,V53T+V83T,30,T,A,-0.5569
pea_double,P_sativum,V53T+V83T,31,I,A,-0.9549
pea_double,P_sativum,V53T+V83T,32,I,A,0.0
pea_double,P_sativum,V53T+V83T,33,L,A,-1.3461
pea_double,P_sativum,V53T+V83T,34,K,A,-2.2939
pea_double,P_sativum,V53T+V83T,35,K,A,-2.2016
pea_double,P_sativum,V53T+V83T,36,A,A,-1.2195
pea_double,P_sativum,V53T+V83T,37,P,A,-1.1195
pea_double,P_sativum,V53T+V83T,38,A,A,-0.5911
pea_double,P_sativum,V53T+V83T,39,A,A,0.0
pea_double,P_sativum,V53T+V83T,40,K,A,-1.5005
pea_double,P_sativum,V53T+V83T,41,G,A,-1.4816
pea_double,P_sativum,V53T+V83T,42,M,A,-1.0049
pea_double,P_sativum,V53T+V83T,43,F,A,0.0
pea_double,P_sativum,V53T+V83T,44,S,A,-1.3685
pea_double,P_sativum,V53T+V83T,45,F,A,-1.4317
pea_double,P_sativum,V53T+V83T,46,L,A,0.0
pea_double,P_sativum,V53T+V83T,47,K,A,-2.9459
pea_double,P_sativum,V53T+V83T,48,D,A,-2.9055
pea_double,P_sativum,V53T+V83T,49,S,A,-1.8914
pea_double,P_sativum,V53T+V83T,50,A,A,-1.5051
pea_double,P_sativum,V53T+V83T,51,E,A,-2.2992
pea_double,P_sativum,V53T+V83T,52,V,A,-1.265
pea_double,P_sativum,V53T+V83T,53,T,A,-1.1823
pea_double,P_sativum,V53T+V83T,54,D,A,-2.0927
pea_double,P_sativum,V53T+V83T,55,S,A,-1.5234
pea_double,P_sativum,V53T+V83T,56,P,A,-1.5647
pea_double,P_sativum,V53T+V83T,57,K,A,-2.3001
pea_double,P_sativum,V53T+V83T,58,L,A,0.0
pea_double,P_sativum,V53T+V83T,59,Q,A,-2.0034
pea_double,P_sativum,V53T+V83T,60,A,A,-1.6461
pea_double,P_sativum,V53T+V83T,61,H,A,-1.5914
pea_double,P_sativum,V53T+V83T,62,A,A,0.0
pea_double,P_sativum,V53T+V83T,63,E,A,-2.2462
pea_double,P_sativum,V53T+V83T,64,K,A,-1.8906
pea_double,P_sativum,V53T+V83T,65,V,A,-0.7667
pea_double,P_sativum,V53T+V83T,66,F,A,0.0
pea_double,P_sativum,V53T+V83T,67,G,A,-1.3583
pea_double,P_sativum,V53T+V83T,68,M,A,-0.867
pea_double,P_sativum,V53T+V83T,69,V,A,0.0
pea_double,P_sativum,V53T+V83T,70,H,A,-0.9455
pea_double,P_sativum,V53T+V83T,71,D,A,-1.4753
pea_double,P_sativum,V53T+V83T,72,S,A,0.0
pea_double,P_sativum,V53T+V83T,73,A,A,0.0
pea_double,P_sativum,V53T+V83T,74,I,A,-1.1015
pea_double,P_sativum,V53T+V83T,75,Q,A,-1.3893
pea_double,P_sativum,V53T+V83T,76,L,A,-1.5289
pea_double,P_sativum,V53T+V83T,77,R,A,-2.5497
pea_double,P_sativum,V53T+V83T,78,A,A,-1.296
pea_double,P_sativum,V53T+V83T,79,S,A,-1.372
pea_double,P_sativum,V53T+V83T,80,G,A,-1.7207
pea_double,P_sativum,V53T+V83T,81,E,A,-2.2623
pea_double,P_sativum,V53T+V83T,82,V,A,-1.4027
pea_double,P_sativum,V53T+V83T,83,T,A,-0.7415
pea_double,P_sativum,V53T+V83T,84,L,A,-0.3773
pea_double,P_sativum,V53T+V83T,85,G,A,-0.6977
pea_double,P_sativum,V53T+V83T,86,D,A,-0.8927
pea_double,P_sativum,V53T+V83T,87,A,A,-0.2434
pea_double,P_sativum,V53T+V83T,88,T,A,0.0099
pea_double,P_sativum,V53T+V83T,89,L,A,0.0
pea_double,P_sativum,V53T+V83T,90,G,A,0.0
pea_double,P_sativum,V53T+V83T,91,A,A,0.5051
pea_double,P_sativum,V53T+V83T,92,I,A,0.8985
pea_double,P_sativum,V53T+V83T,93,H,A,0.5097
pea_double,P_sativum,V53T+V83T,94,I,A,0.9237
pea_double,P_sativum,V53T+V83T,95,Q,A,-0.6208
pea_double,P_sativum,V53T+V83T,96,K,A,-0.9429
pea_double,P_sativum,V53T+V83T,97,G,A,-0.2981
pea_double,P_sativum,V53T+V83T,98,V,A,0.0349
pea_double,P_sativum,V53T+V83T,99,V,A,0.272
pea_double,P_sativum,V53T+V83T,100,D,A,-1.1699
pea_double,P_sativum,V53T+V83T,101,P,A,-0.2024
pea_double,P_sativum,V53T+V83T,102,H,A,-0.056
pea_double,P_sativum,V53T+V83T,103,F,A,0.0
pea_double,P_sativum,V53T+V83T,104,V,A,1.0515
pea_double,P_sativum,V53T+V83T,105,V,A,0.0421
pea_double,P_sativum,V53T+V83T,106,V,A,0.2151
pea_double,P_sativum,V53T+V83T,107,K,A,-0.4972
pea_double,P_sativum,V53T+V83T,108,E,A,-1.0223
pea_double,P_sativum,V53T+V83T,109,A,A,0.0
pea_double,P_sativum,V53T+V83T,110,L,A,0.0
pea_double,P_sativum,V53T+V83T,111,L,A,-1.7431
pea_double,P_sativum,V53T+V83T,112,E,A,-2.8288
pea_double,P_sativum,V53T+V83T,113,T,A,0.0
pea_double,P_sativum,V53T+V83T,114,I,A,0.0
pea_double,P_sativum,V53T+V83T,115,K,A,-3.6158
pea_double,P_sativum,V53T+V83T,116,E,A,-3.3359
pea_double,P_sativum,V53T+V83T,117,A,A,0.0
pea_double,P_sativum,V53T+V83T,118,S,A,0.0
pea_double,P_sativum,V53T+V83T,119,G,A,-2.6702
pea_double,P_sativum,V53T+V83T,120,E,A,-3.1551
pea_double,P_sativum,V53T+V83T,121,K,A,-2.9528
pea_double,P_sativum,V53T+V83T,122,W,A,-2.5575
pea_double,P_sativum,V53T+V83T,123,S,A,-2.318
pea_double,P_sativum,V53T+V83T,124,E,A,-2.8237
pea_double,P_sativum,V53T+V83T,125,E,A,-2.9069
pea_double,P_sativum,V53T+V83T,126,L,A,0.0
pea_double,P_sativum,V53T+V83T,127,S,A,-1.7366
pea_double,P_sativum,V53T+V83T,128,T,A,-1.1743
pea_double,P_sativum,V53T+V83T,129,A,A,0.0
pea_double,P_sativum,V53T+V83T,130,W,A,0.0
pea_double,P_sativum,V53T+V83T,131,E,A,-1.1111
pea_double,P_sativum,V53T+V83T,132,V,A,-0.1153
pea_double,P_sativum,V53T+V83T,133,A,A,0.0
pea_double,P_sativum,V53T+V83T,134,Y,A,0.0
pea_double,P_sativum,V53T+V83T,135,E,A,-1.4953
pea_double,P_sativum,V53T+V83T,136,G,A,-1.1751
pea_double,P_sativum,V53T+V83T,137,L,A,0.0
pea_double,P_sativum,V53T+V83T,138,A,A,0.0
pea_double,P_sativum,V53T+V83T,139,S,A,-1.22
pea_double,P_sativum,V53T+V83T,140,A,A,0.0
pea_double,P_sativum,V53T+V83T,141,I,A,0.0
pea_double,P_sativum,V53T+V83T,142,K,A,-1.739
pea_double,P_sativum,V53T+V83T,143,K,A,-2.3716
pea_double,P_sativum,V53T+V83T,144,A,A,-1.1144
pea_double,P_sativum,V53T+V83T,145,M,A,-0.6525
pea_double,P_sativum,V53T+V83T,146,N,A,-1.6387
pea_V53T,P_sativum,V53T,1,M,A,0.8144
pea_V53T,P_sativum,V53T,2,G,A,-0.6071
pea_V53T,P_sativum,V53T,3,F,A,-1.0986
pea_V53T,P_sativum,V53T,4,T,A,-1.7195
pea_V53T,P_sativum,V53T,5,E,A,-2.9566
pea_V53T,P_sativum,V53T,6,K,A,-2.9724
pea_V53T,P_sativum,V53T,7,Q,A,0.0
pea_V53T,P_sativum,V53T,8,E,A,-1.78
pea_V53T,P_sativum,V53T,9,A,A,-1.1582
pea_V53T,P_sativum,V53T,10,L,A,-1.1701
pea_V53T,P_sativum,V53T,11,V,A,0.0
pea_V53T,P_sativum,V53T,12,N,A,-1.1412
pea_V53T,P_sativum,V53T,13,S,A,-1.0291
pea_V53T,P_sativum,V53T,14,S,A,0.0
pea_V53T,P_sativum,V53T,15,W,A,0.0
pea_V53T,P_sativum,V53T,16,E,A,-2.6647
pea_V53T,P_sativum,V53T,17,L,A,-1.8519
pea_V53T,P_sativum,V53T,18,F,A,0.0
pea_V53T,P_sativum,V53T,19,K,A,-2.9731
pea_V53T,P_sativum,V53T,20,Q,A,-2.5459
pea_V53T,P_sativum,V53T,21,N,A,-1.8619
pea_V53T,P_sativum,V53T,22,P,A,-1.5207
pea_V53T,P_sativum,V53T,23,S,A,-0.8404
pea_V53T,P_sativum,V53T,24,Y,A,-0.8723
pea_V53T,P_sativum,V53T,25,S,A,0.0
pea_V53T,P_sativum,V53T,26,V,A,-0.2158
pea_V53T,P_sativum,V53T,27,L,A,-0.0748
pea_V53T,P_sativum,V53T,28,F,A,0.0
pea_V53T,P_sativum,V53T,29,Y,A,0.0
pea_V53T,P_sativum,V53T,30,T,A,-0.5569
pea_V53T,P_sativum,V53T,31,I,A,-0.9549
pea_V53T,P_sativum,V53T,32,I,A,0.0
pea_V53T,P_sativum,V53T,33,L,A,-1.3461
pea_V53T,P_sativum,V53T,34,K,A,-2.2939
pea_V53T,P_sativum,V53T,35,K,A,-2.2016
pea_V53T,P_sativum,V53T,36,A,A,-1.2195
pea_V53T,P_sativum,V53T,37,P,A,-1.1195
pea_V53T,P_sativum,V53T,38,A,A,-0.5911
pea_V53T,P_sativum,V53T,39,A,A,0.0
pea_V53T,P_sativum,V53T,40,K,A,-1.5005
pea_V53T,P_sativum,V53T,41,G,A,-1.4816
pea_V53T,P_sativum,V53T,42,M,A,-1.0049
pea_V53T,P_sativum,V53T,43,F,A,0.0
pea_V53T,P_sativum,V53T,44,S,A,-1.3685
pea_V53T,P_sativum,V53T,45,F,A,-1.4317
pea_V53T,P_sativum,V53T,46,L,A,0.0
pea_V53T,P_sativum,V53T,47,K,A,-2.9459
pea_V53T,P_sativum,V53T,48,D,A,-2.9055
pea_V53T,P_sativum,V53T,49,S,A,-1.8914
pea_V53T,P_sativum,V53T,50,A,A,-1.5051
pea_V53T,P_sativum,V53T,51,E,A,-2.2992
pea_V53T,P_sativum,V53T,52,V,A,-1.265
pea_V53T,P_sativum,V53T,53,T,A,-1.1823
pea_V53T,P_sativum,V53T,54,D,A,-2.0927
pea_V53T,P_sativum,V53T,55,S,A,-1.5234
pea_V53T,P_sativum,V53T,56,P,A,-1.5647
pea_V53T,P_sativum,V53T,57,K,A,-2.3001
pea_V53T,P_sativum,V53T,58,L,A,0.0
pea_V53T,P_sativum,V53T,59,Q,A,-2.0034
pea_V53T,P_sativum,V53T,60,A,A,-1.6461
pea_V53T,P_sativum,V53T,61,H,A,-1.5914
pea_V53T,P_sativum,V53T,62,A,A,0.0
pea_V53T,P_sativum,V53T,63,E,A,-2.2462
pea_V53T,P_sativum,V53T,64,K,A,-1.8906
pea_V53T,P_sativum,V53T,65,V,A,-0.7667
pea_V53T,P_sativum,V53T,66,F,A,0.0
pea_V53T,P_sativum,V53T,67,G,A,-1.3583
pea_V53T,P_sativum,V53T,68,M,A,-0.8665
pea_V53T,P_sativum,V53T,69,V,A,0.0
pea_V53T,P_sativum,V53T,70,H,A,-0.9449
pea_V53T,P_sativum,V53T,71,D,A,-1.2813
pea_V53T,P_sativum,V53T,72,S,A,0.0
pea_V53T,P_sativum,V53T,73,A,A,0.0
pea_V53T,P_sativum,V53T,74,I,A,-1.1
pea_V53T,P_sativum,V53T,75,Q,A,-1.059
pea_V53T,P_sativum,V53T,76,L,A,-1.3161
pea_V53T,P_sativum,V53T,77,R,A,-2.5487
pea_V53T,P_sativum,V53T,78,A,A,-1.2949
pea_V53T,P_sativum,V53T,79,S,A,-1.1748
pea_V53T,P_sativum,V53T,80,G,A,-1.7205
pea_V53T,P_sativum,V53T,81,E,A,-1.8222
pea_V53T,P_sativum,V53T,82,V,A,-0.5079
pea_V53T,P_sativum,V53T,83,V,A,1.1027
pea_V53T,P_sativum,V53T,84,L,A,0.5216
pea_V53T,P_sativum,V53T,85,G,A,-0.2294
pea_V53T,P_sativum,V53T,86,D,A,-0.6458
pea_V53T,P_sativum,V53T,87,A,A,-0.0177
pea_V53T,P_sativum,V53T,88,T,A,0.0103
pea_V53T,P_sativum,V53T,89,L,A,0.0
pea_V53T,P_sativum,V53T,90,G,A,0.0
pea_V53T,P_sativum,V53T,91,A,A,0.5051
pea_V53T,P_sativum,V53T,92,I,A,0.8985
pea_V53T,P_sativum,V53T,93,H,A,0.5097
pea_V53T,P_sativum,V53T,94,I,A,0.9237
pea_V53T,P_sativum,V53T,95,Q,A,-0.6208
pea_V53T,P_sativum,V53T,96,K,A,-0.9429
pea_V53T,P_sativum,V53T,97,G,A,-0.2981
pea_V53T,P_sativum,V53T,98,V,A,0.0349
pea_V53T,P_sativum,V53T,99,V,A,0.272
pea_V53T,P_sativum,V53T,100,D,A,-1.1699
pea_V53T,P_sativum,V53T,101,P,A,-0.2024
pea_V53T,P_sativum,V53T,102,H,A,-0.056
pea_V53T,P_sativum,V53T,103,F,A,0.0
pea_V53T,P_sativum,V53T,104,V,A,1.0515
pea_V53T,P_sativum,V53T,105,V,A,0.0421
pea_V53T,P_sativum,V53T,106,V,A,0.2151
pea_V53T,P_sativum,V53T,107,K,A,-0.4972
pea_V53T,P_sativum,V53T,108,E,A,-1.0223
pea_V53T,P_sativum,V53T,109,A,A,0.0
pea_V53T,P_sativum,V53T,110,L,A,0.0
pea_V53T,P_sativum,V53T,111,L,A,-1.7431
pea_V53T,P_sativum,V53T,112,E,A,-2.8288
pea_V53T,P_sativum,V53T,113,T,A,0.0
pea_V53T,P_sativum,V53T,114,I,A,0.0
pea_V53T,P_sativum,V53T,115,K,A,-3.6158
pea_V53T,P_sativum,V53T,116,E,A,-3.3359
pea_V53T,P_sativum,V53T,117,A,A,0.0
pea_V53T,P_sativum,V53T,118,S,A,0.0
pea_V53T,P_sativum,V53T,119,G,A,-2.6702
pea_V53T,P_sativum,V53T,120,E,A,-3.1551
pea_V53T,P_sativum,V53T,121,K,A,-2.9528
pea_V53T,P_sativum,V53T,122,W,A,-2.5575
pea_V53T,P_sativum,V53T,123,S,A,-2.318
pea_V53T,P_sativum,V53T,124,E,A,-2.8237
pea_V53T,P_sativum,V53T,125,E,A,-2.9069
pea_V53T,P_sativum,V53T,126,L,A,0.0
pea_V53T,P_sativum,V53T,127,S,A,-1.7366
pea_V53T,P_sativum,V53T,128,T,A,-1.1743
pea_V53T,P_sativum,V53T,129,A,A,0.0
pea_V53T,P_sativum,V53T,130,W,A,0.0
pea_V53T,P_sativum,V53T,131,E,A,-1.1111
pea_V53T,P_sativum,V53T,132,V,A,-0.1153
pea_V53T,P_sativum,V53T,133,A,A,0.0
pea_V53T,P_sativum,V53T,134,Y,A,0.0
pea_V53T,P_sativum,V53T,135,E,A,-1.4957
pea_V53T,P_sativum,V53T,136,G,A,-0.9426
pea_V53T,P_sativum,V53T,137,L,A,0.0
pea_V53T,P_sativum,V53T,138,A,A,0.0
pea_V53T,P_sativum,V53T,139,S,A,-1.031
pea_V53T,P_sativum,V53T,140,A,A,0.0
pea_V53T,P_sativum,V53T,141,I,A,0.0
pea_V53T,P_sativum,V53T,142,K,A,-1.739
pea_V53T,P_sativum,V53T,143,K,A,-2.3716
pea_V53T,P_sativum,V53T,144,A,A,-1.1139
pea_V53T,P_sativum,V53T,145,M,A,-0.6525
pea_V53T,P_sativum,V53T,146,N,A,-1.6387
pea_V83T,P_sativum,V83T,1,M,A,0.8144
pea_V83T,P_sativum,V83T,2,G,A,-0.6071
pea_V83T,P_sativum,V83T,3,F,A,-1.0991
pea_V83T,P_sativum,V83T,4,T,A,-1.7195
pea_V83T,P_sativum,V83T,5,E,A,-2.9566
pea_V83T,P_sativum,V83T,6,K,A,-2.9724
pea_V83T,P_sativum,V83T,7,Q,A,0.0
pea_V83T,P_sativum,V83T,8,E,A,-1.7805
pea_V83T,P_sativum,V83T,9,A,A,-1.1582
pea_V83T,P_sativum,V83T,10,L,A,-1.1701
pea_V83T,P_sativum,V83T,11,V,A,0.0
pea_V83T,P_sativum,V83T,12,N,A,-1.1412
pea_V83T,P_sativum,V83T,13,S,A,-1.0291
pea_V83T,P_sativum,V83T,14,S,A,0.0
pea_V83T,P_sativum,V83T,15,W,A,0.0
pea_V83T,P_sativum,V83T,16,E,A,-2.6647
pea_V83T,P_sativum,V83T,17,L,A,-1.8519
pea_V83T,P_sativum,V83T,18,F,A,0.0
pea_V83T,P_sativum,V83T,19,K,A,-2.9731
pea_V83T,P_sativum,V83T,20,Q,A,-2.5459
pea_V83T,P_sativum,V83T,21,N,A,-1.8619
pea_V83T,P_sativum,V83T,22,P,A,-1.5434
pea_V83T,P_sativum,V83T,23,S,A,-0.7794
pea_V83T,P_sativum,V83T,24,Y,A,-0.8871
pea_V83T,P_sativum,V83T,25,S,A,0.0
pea_V83T,P_sativum,V83T,26,V,A,-0.0663
pea_V83T,P_sativum,V83T,27,L,A,-0.0904
pea_V83T,P_sativum,V83T,28,F,A,0.0
pea_V83T,P_sativum,V83T,29,Y,A,0.0
pea_V83T,P_sativum,V83T,30,T,A,-0.4545
pea_V83T,P_sativum,V83T,31,I,A,-0.9549
pea_V83T,P_sativum,V83T,32,I,A,0.0
pea_V83T,P_sativum,V83T,33,L,A,-1.3461
pea_V83T,P_sativum,V83T,34,K,A,-2.2939
pea_V83T,P_sativum,V83T,35,K,A,-2.2016
pea_V83T,P_sativum,V83T,36,A,A,-1.2195
pea_V83T,P_sativum,V83T,37,P,A,-1.1195
pea_V83T,P_sativum,V83T,38,A,A,-0.5911
pea_V83T,P_sativum,V83T,39,A,A,0.0
pea_V83T,P_sativum,V83T,40,K,A,-1.5006
pea_V83T,P_sativum,V83T,41,G,A,-1.4819
pea_V83T,P_sativum,V83T,42,M,A,-1.0053
pea_V83T,P_sativum,V83T,43,F,A,0.0
pea_V83T,P_sativum,V83T,44,S,A,-1.3699
pea_V83T,P_sativum,V83T,45,F,A,-1.3391
pea_V83T,P_sativum,V83T,46,L,A,0.0
pea_V83T,P_sativum,V83T,47,K,A,-2.9459
pea_V83T,P_sativum,V83T,48,D,A,-2.9046
pea_V83T,P_sativum,V83T,49,S,A,-1.7045
pea_V83T,P_sativum,V83T,50,A,A,-1.3762
pea_V83T,P_sativum,V83T,51,E,A,-2.0689
pea_V83T,P_sativum,V83T,52,V,A,-0.886
pea_V83T,P_sativum,V83T,53,V,A,-0.4036
pea_V83T,P_sativum,V83T,54,D,A,-1.8196
pea_V83T,P_sativum,V83T,55,S,A,-1.3746
pea_V83T,P_sativum,V83T,56,P,A,-1.5935
pea_V83T,P_sativum,V83T,57,K,A,-2.3209
pea_V83T,P_sativum,V83T,58,L,A,0.0
pea_V83T,P_sativum,V83T,59,Q,A,-2.0316
pea_V83T,P_sativum,V83T,60,A,A,-1.6458
pea_V83T,P_sativum,V83T,61,H,A,-1.5917
pea_V83T,P_sativum,V83T,62,A,A,0.0
pea_V83T,P_sativum,V83T,63,E,A,-2.2462
pea_V83T,P_sativum,V83T,64,K,A,-1.8906
pea_V83T,P_sativum,V83T,65,V,A,-0.7667
pea_V83T,P_sativum,V83T,66,F,A,0.0
pea_V83T,P_sativum,V83T,67,G,A,-1.3583
pea_V83T,P_sativum,V83T,68,M,A,-0.867
pea_V83T,P_sativum,V83T,69,V,A,0.0
pea_V83T,P_sativum,V83T,70,H,A,-0.9455
pea_V83T,P_sativum,V83T,71,D,A,-1.4753
pea_V83T,P_sativum,V83T,72,S,A,0.0
pea_V83T,P_sativum,V83T,73,A,A,0.0
pea_V83T,P_sativum,V83T,74,I,A,-1.1015
pea_V83T,P_sativum,V83T,75,Q,A,-1.3893
pea_V83T,P_sativum,V83T,76,L,A,-1.5289
pea_V83T,P_sativum,V83T,77,R,A,-2.5497
pea_V83T,P_sativum,V83T,78,A,A,-1.296
pea_V83T,P_sativum,V83T,79,S,A,-1.372
pea_V83T,P_sativum,V83T,80,G,A,-1.7207
pea_V83T,P_sativum,V83T,81,E,A,-2.2623
pea_V83T,P_sativum,V83T,82,V,A,-1.4027
pea_V83T,P_sativum,V83T,83,T,A,-0.7415
pea_V83T,P_sativum,V83T,84,L,A,-0.3773
pea_V83T,P_sativum,V83T,85,G,A,-0.6977
pea_V83T,P_sativum,V83T,86,D,A,-0.8927
pea_V83T,P_sativum,V83T,87,A,A,-0.2434
pea_V83T,P_sativum,V83T,88,T,A,0.0099
pea_V83T,P_sativum,V83T,89,L,A,0.0
pea_V83T,P_sativum,V83T,90,G,A,0.0
pea_V83T,P_sativum,V83T,91,A,A,0.5051
pea_V83T,P_sativum,V83T,92,I,A,0.8985
pea_V83T,P_sativum,V83T,93,H,A,0.5097
pea_V83T,P_sativum,V83T,94,I,A,0.9237
pea_V83T,P_sativum,V83T,95,Q,A,-0.6208
pea_V83T,P_sativum,V83T,96,K,A,-0.9429
pea_V83T,P_sativum,V83T,97,G,A,-0.2981
pea_V83T,P_sativum,V83T,98,V,A,0.0349
pea_V83T,P_sativum,V83T,99,V,A,0.272
pea_V83T,P_sativum,V83T,100,D,A,-1.1699
pea_V83T,P_sativum,V83T,101,P,A,-0.2024
pea_V83T,P_sativum,V83T,102,H,A,-0.056
pea_V83T,P_sativum,V83T,103,F,A,0.0
pea_V83T,P_sativum,V83T,104,V,A,1.0515
pea_V83T,P_sativum,V83T,105,V,A,0.0421
pea_V83T,P_sativum,V83T,106,V,A,0.2151
pea_V83T,P_sativum,V83T,107,K,A,-0.4972
pea_V83T,P_sativum,V83T,108,E,A,-1.0223
pea_V83T,P_sativum,V83T,109,A,A,0.0
pea_V83T,P_sativum,V83T,110,L,A,0.0
pea_V83T,P_sativum,V83T,111,L,A,-1.7431
pea_V83T,P_sativum,V83T,112,E,A,-2.8288
pea_V83T,P_sativum,V83T,113,T,A,0.0
pea_V83T,P_sativum,V83T,114,I,A,0.0
pea_V83T,P_sativum,V83T,115,K,A,-3.6158
pea_V83T,P_sativum,V83T,116,E,A,-3.3359
pea_V83T,P_sativum,V83T,117,A,A,0.0
pea_V83T,P_sativum,V83T,118,S,A,0.0
pea_V83T,P_sativum,V83T,119,G,A,-2.6702
pea_V83T,P_sativum,V83T,120,E,A,-3.1551
pea_V83T,P_sativum,V83T,121,K,A,-2.9528
pea_V83T,P_sativum,V83T,122,W,A,-2.5575
pea_V83T,P_sativum,V83T,123,S,A,-2.318
pea_V83T,P_sativum,V83T,124,E,A,-2.8237
pea_V83T,P_sativum,V83T,125,E,A,-2.9069
pea_V83T,P_sativum,V83T,126,L,A,0.0
pea_V83T,P_sativum,V83T,127,S,A,-1.7366
pea_V83T,P_sativum,V83T,128,T,A,-1.1743
pea_V83T,P_sativum,V83T,129,A,A,0.0
pea_V83T,P_sativum,V83T,130,W,A,0.0
pea_V83T,P_sativum,V83T,131,E,A,-1.1111
pea_V83T,P_sativum,V83T,132,V,A,-0.1153
pea_V83T,P_sativum,V83T,133,A,A,0.0
pea_V83T,P_sativum,V83T,134,Y,A,0.0
pea_V83T,P_sativum,V83T,135,E,A,-1.4953
pea_V83T,P_sativum,V83T,136,G,A,-1.1751
pea_V83T,P_sativum,V83T,137,L,A,0.0
pea_V83T,P_sativum,V83T,138,A,A,0.0
pea_V83T,P_sativum,V83T,139,S,A,-1.22
pea_V83T,P_sativum,V83T,140,A,A,0.0
pea_V83T,P_sativum,V83T,141,I,A,0.0
pea_V83T,P_sativum,V83T,142,K,A,-1.739
pea_V83T,P_sativum,V83T,143,K,A,-2.3716
pea_V83T,P_sativum,V83T,144,A,A,-1.1144
pea_V83T,P_sativum,V83T,145,M,A,-0.6525
pea_V83T,P_sativum,V83T,146,N,A,-1.6387
pea_WT,P_sativum,WT,1,M,A,0.8144
pea_WT,P_sativum,WT,2,G,A,-0.6071
pea_WT,P_sativum,WT,3,F,A,-1.0986
pea_WT,P_sativum,WT,4,T,A,-1.7195
pea_WT,P_sativum,WT,5,E,A,-2.9566
pea_WT,P_sativum,WT,6,K,A,-2.9724
pea_WT,P_sativum,WT,7,Q,A,0.0
pea_WT,P_sativum,WT,8,E,A,-1.78
pea_WT,P_sativum,WT,9,A,A,-1.1582
pea_WT,P_sativum,WT,10,L,A,-1.1701
pea_WT,P_sativum,WT,11,V,A,0.0
pea_WT,P_sativum,WT,12,N,A,-1.1412
pea_WT,P_sativum,WT,13,S,A,-1.0291
pea_WT,P_sativum,WT,14,S,A,0.0
pea_WT,P_sativum,WT,15,W,A,0.0
pea_WT,P_sativum,WT,16,E,A,-2.6647
pea_WT,P_sativum,WT,17,L,A,-1.8519
pea_WT,P_sativum,WT,18,F,A,0.0
pea_WT,P_sativum,WT,19,K,A,-2.9731
pea_WT,P_sativum,WT,20,Q,A,-2.5459
pea_WT,P_sativum,WT,21,N,A,-1.8619
pea_WT,P_sativum,WT,22,P,A,-1.5434
pea_WT,P_sativum,WT,23,S,A,-0.7794
pea_WT,P_sativum,WT,24,Y,A,-0.8871
pea_WT,P_sativum,WT,25,S,A,0.0
pea_WT,P_sativum,WT,26,V,A,-0.0663
pea_WT,P_sativum,WT,27,L,A,-0.0904
pea_WT,P_sativum,WT,28,F,A,0.0
pea_WT,P_sativum,WT,29,Y,A,0.0
pea_WT,P_sativum,WT,30,T,A,-0.4545
pea_WT,P_sativum,WT,31,I,A,-0.9549
pea_WT,P_sativum,WT,32,I,A,0.0
pea_WT,P_sativum,WT,33,L,A,-1.3461
pea_WT,P_sativum,WT,34,K,A,-2.2939
pea_WT,P_sativum,WT,35,K,A,-2.2016
pea_WT,P_sativum,WT,36,A,A,-1.2195
pea_WT,P_sativum,WT,37,P,A,-1.1195
pea_WT,P_sativum,WT,38,A,A,-0.5911
pea_WT,P_sativum,WT,39,A,A,0.0
pea_WT,P_sativum,WT,40,K,A,-1.5006
pea_WT,P_sativum,WT,41,G,A,-1.4819
pea_WT,P_sativum,WT,42,M,A,-1.0053
pea_WT,P_sativum,WT,43,F,A,0.0
pea_WT,P_sativum,WT,44,S,A,-1.3699
pea_WT,P_sativum,WT,45,F,A,-1.3391
pea_WT,P_sativum,WT,46,L,A,0.0
pea_WT,P_sativum,WT,47,K,A,-2.9459
pea_WT,P_sativum,WT,48,D,A,-2.9046
pea_WT,P_sativum,WT,49,S,A,-1.7045
pea_WT,P_sativum,WT,50,A,A,-1.3762
pea_WT,P_sativum,WT,51,E,A,-2.0689
pea_WT,P_sativum,WT,52,V,A,-0.886
pea_WT,P_sativum,WT,53,V,A,-0.4036
pea_WT,P_sativum,WT,54,D,A,-1.8196
pea_WT,P_sativum,WT,55,S,A,-1.3746
pea_WT,P_sativum,WT,56,P,A,-1.5935
pea_WT,P_sativum,WT,57,K,A,-2.3209
pea_WT,P_sativum,WT,58,L,A,0.0
pea_WT,P_sativum,WT,59,Q,A,-2.0316
pea_WT,P_sativum,WT,60,A,A,-1.6458
pea_WT,P_sativum,WT,61,H,A,-1.5917
pea_WT,P_sativum,WT,62,A,A,0.0
pea_WT,P_sativum,WT,63,E,A,-2.2462
pea_WT,P_sativum,WT,64,K,A,-1.8906
pea_WT,P_sativum,WT,65,V,A,-0.7667
pea_WT,P_sativum,WT,66,F,A,0.0
pea_WT,P_sativum,WT,67,G,A,-1.3583
pea_WT,P_sativum,WT,68,M,A,-0.8665
pea_WT,P_sativum,WT,69,V,A,0.0
pea_WT,P_sativum,WT,70,H,A,-0.9449
pea_WT,P_sativum,WT,71,D,A,-1.2813
pea_WT,P_sativum,WT,72,S,A,0.0
pea_WT,P_sativum,WT,73,A,A,0.0
pea_WT,P_sativum,WT,74,I,A,-1.1
pea_WT,P_sativum,WT,75,Q,A,-1.059
pea_WT,P_sativum,WT,76,L,A,-1.3161
pea_WT,P_sativum,WT,77,R,A,-2.5487
pea_WT,P_sativum,WT,78,A,A,-1.2949
pea_WT,P_sativum,WT,79,S,A,-1.1748
pea_WT,P_sativum,WT,80,G,A,-1.7205
pea_WT,P_sativum,WT,81,E,A,-1.8222
pea_WT,P_sativum,WT,82,V,A,-0.5079
pea_WT,P_sativum,WT,83,V,A,1.1027
pea_WT,P_sativum,WT,84,L,A,0.5216
pea_WT,P_sativum,WT,85,G,A,-0.2294
pea_WT,P_sativum,WT,86,D,A,-0.6458
pea_WT,P_sativum,WT,87,A,A,-0.0177
pea_WT,P_sativum,WT,88,T,A,0.0103
pea_WT,P_sativum,WT,89,L,A,0.0
pea_WT,P_sativum,WT,90,G,A,0.0
pea_WT,P_sativum,WT,91,A,A,0.5051
pea_WT,P_sativum,WT,92,I,A,0.8985
pea_WT,P_sativum,WT,93,H,A,0.5097
pea_WT,P_sativum,WT,94,I,A,0.9237
pea_WT,P_sativum,WT,95,Q,A,-0.6208
pea_WT,P_sativum,WT,96,K,A,-0.9429
pea_WT,P_sativum,WT,97,G,A,-0.2981
pea_WT,P_sativum,WT,98,V,A,0.0349
pea_WT,P_sativum,WT,99,V,A,0.272
pea_WT,P_sativum,WT,100,D,A,-1.1699
pea_WT,P_sativum,WT,101,P,A,-0.2024
pea_WT,P_sativum,WT,102,H,A,-0.056
pea_WT,P_sativum,WT,103,F,A,0.0
pea_WT,P_sativum,WT,104,V,A,1.0515
pea_WT,P_sativum,WT,105,V,A,0.0421
pea_WT,P_sativum,WT,106,V,A,0.2151
pea_WT,P_sativum,WT,107,K,A,-0.4972
pea_WT,P_sativum,WT,108,E,A,-1.0223
pea_WT,P_sativum,WT,109,A,A,0.0
pea_WT,P_sativum,WT,110,L,A,0.0
pea_WT,P_sativum,WT,111,L,A,-1.7431
pea_WT,P_sativum,WT,112,E,A,-2.8288
pea_WT,P_sativum,WT,113,T,A,0.0
pea_WT,P_sativum,WT,114,I,A,0.0
pea_WT,P_sativum,WT,115,K,A,-3.6158
pea_WT,P_sativum,WT,116,E,A,-3.3359
pea_WT,P_sativum,WT,117,A,A,0.0
pea_WT,P_sativum,WT,118,S,A,0.0
pea_WT,P_sativum,WT,119,G,A,-2.6702
pea_WT,P_sativum,WT,120,E,A,-3.1551
pea_WT,P_sativum,WT,121,K,A,-2.9528
pea_WT,P_sativum,WT,122,W,A,-2.5575
pea_WT,P_sativum,WT,123,S,A,-2.318
pea_WT,P_sativum,WT,124,E,A,-2.8237
pea_WT,P_sativum,WT,125,E,A,-2.9069
pea_WT,P_sativum,WT,126,L,A,0.0
pea_WT,P_sativum,WT,127,S,A,-1.7366
pea_WT,P_sativum,WT,128,T,A,-1.1743
pea_WT,P_sativum,WT,129,A,A,0.0
pea_WT,P_sativum,WT,130,W,A,0.0
pea_WT,P_sativum,WT,131,E,A,-1.1111
pea_WT,P_sativum,WT,132,V,A,-0.1153
pea_WT,P_sativum,WT,133,A,A,0.0
pea_WT,P_sativum,WT,134,Y,A,0.0
pea_WT,P_sativum,WT,135,E,A,-1.4957
pea_WT,P_sativum,WT,136,G,A,-0.9426
pea_WT,P_sativum,WT,137,L,A,0.0
pea_WT,P_sativum,WT,138,A,A,0.0
pea_WT,P_sativum,WT,139,S,A,-1.031
pea_WT,P_sativum,WT,140,A,A,0.0
pea_WT,P_sativum,WT,141,I,A,0.0
pea_WT,P_sativum,WT,142,K,A,-1.739
pea_WT,P_sativum,WT,143,K,A,-2.3716
pea_WT,P_sativum,WT,144,A,A,-1.1139
pea_WT,P_sativum,WT,145,M,A,-0.6525
pea_WT,P_sativum,WT,146,N,A,-1.6387
spi_F125W,O_spinosa,F125W,1,M,A,1.0123
spi_F125W,O_spinosa,F125W,2,G,A,0.6754
spi_F125W,O_spinosa,F125W,3,T,A,1.0125
spi_F125W,O_spinosa,F125W,4,V,A,1.9501
spi_F125W,O_spinosa,F125W,5,L,A,1.207
spi_F125W,O_spinosa,F125W,6,E,A,-0.8518
spi_F125W,O_spinosa,F125W,7,T,A,-0.9191
spi_F125W,O_spinosa,F125W,8,K,A,-1.8224
spi_F125W,O_spinosa,F125W,9,L,A,-0.4766
spi_F125W,O_spinosa,F125W,10,E,A,-1.6293
spi_F125W,O_spinosa,F125W,11,T,A,-0.7879
spi_F125W,O_spinosa,F125W,12,T,A,-0.5594
spi_F125W,O_spinosa,F125W,13,T,A,-0.4908
spi_F125W,O_spinosa,F125W,14,T,A,-0.9905
spi_F125W,O_spinosa,F125W,15,F,A,0.0
spi_F125W,O_spinosa,F125W,16,T,A,-1.738
spi_F125W,O_spinosa,F125W,17,Q,A,-2.4932
spi_F125W,O_spinosa,F125W,18,E,A,-2.4855
spi_F125W,O_spinosa,F125W,19,Q,A,-1.7617
spi_F125W,O_spinosa,F125W,20,E,A,0.0
spi_F125W,O_spinosa,F125W,21,A,A,-1.3724
spi_F125W,O_spinosa,F125W,22,L,A,-1.2631
spi_F125W,O_spinosa,F125W,23,V,A,0.0
spi_F125W,O_spinosa,F125W,24,V,A,-1.1284
spi_F125W,O_spinosa,F125W,25,R,A,-1.9224
spi_F125W,O_spinosa,F125W,26,S,A,0.0
spi_F125W,O_spinosa,F125W,27,W,A,0.0
spi_F125W,O_spinosa,F125W,28,N,A,-2.2423
spi_F125W,O_spinosa,F125W,29,A,A,-1.631
spi_F125W,O_spinosa,F125W,30,I,A,0.0
spi_F125W,O_spinosa,F125W,31,K,A,-2.5841
spi_F125W,O_spinosa,F125W,32,K,A,-3.0416
spi_F125W,O_spinosa,F125W,33,N,A,-2.5414
spi_F125W,O_spinosa,F125W,34,S,A,-2.0755
spi_F125W,O_spinosa,F125W,35,A,A,-1.7892
spi_F125W,O_spinosa,F125W,36,E,A,-2.7681
spi_F125W,O_spinosa,F125W,37,L,A,0.0
spi_F125W,O_spinosa,F125W,38,A,A,0.0
spi_F125W,O_spinosa,F125W,39,L,A,-1.8513
spi_F125W,O_spinosa,F125W,40,K,A,-2.2296
spi_F125W,O_spinosa,F125W,41,F,A,0.0
spi_F125W,O_spinosa,F125W,42,F,A,0.0
spi_F125W,O_spinosa,F125W,43,L,A,-1.094
spi_F125W,O_spinosa,F125W,44,K,A,-1.2568
spi_F125W,O_spinosa,F125W,45,I,A,0.0
spi_F125W,O_spinosa,F125W,46,F,A,0.0
spi_F125W,O_spinosa,F125W,47,E,A,-1.8033
spi_F125W,O_spinosa,F125W,48,I,A,-0.3569
spi_F125W,O_spinosa,F125W,49,A,A,-0.7541
spi_F125W,O_spinosa,F125W,50,P,A,-1.1074
spi_F125W,O_spinosa,F125W,51,S,A,-1.0051
spi_F125W,O_spinosa,F125W,52,A,A,0.0
spi_F125W,O_spinosa,F125W,53,Q,A,-1.5063
spi_F125W,O_spinosa,F125W,54,K,A,-2.165
spi_F125W,O_spinosa,F125W,55,L,A,-0.7818
spi_F125W,O_spinosa,F125W,56,F,A,-0.713
spi_F125W,O_spinosa,F125W,57,S,A,-0.883
spi_F125W,O_spinosa,F125W,58,F,A,-0.9204
spi_F125W,O_spinosa,F125W,59,L,A,-1.6569
spi_F125W,O_spinosa,F125W,60,K,A,-3.0544
spi_F125W,O_spinosa,F125W,61,D,A,-2.8713
spi_F125W,O_spinosa,F125W,62,S,A,-1.6191
spi_F125W,O_spinosa,F125W,63,N,A,-1.4943
spi_F125W,O_spinosa,F125W,64,V,A,-0.5375
spi_F125W,O_spinosa,F125W,65,P,A,-0.8909
spi_F125W,O_spinosa,F125W,66,L,A,-1.1289
spi_F125W,O_spinosa,F125W,67,D,A,-2.5672
spi_F125W,O_spinosa,F125W,68,Q,A,-2.1546
spi_F125W,O_spinosa,F125W,69,N,A,0.0
spi_F125W,O_spinosa,F125W,70,P,A,-1.7302
spi_F125W,O_spinosa,F125W,71,K,A,-2.3051
spi_F125W,O_spinosa,F125W,72,L,A,0.0
spi_F125W,O_spinosa,F125W,73,K,A,-2.4922
spi_F125W,O_spinosa,F125W,74,P,A,-1.4388
spi_F125W,O_spinosa,F125W,75,H,A,-1.3896
spi_F125W,O_spinosa,F125W,76,A,A,0.0
spi_F125W,O_spinosa,F125W,77,L,A,-0.2705
spi_F125W,O_spinosa,F125W,78,S,A,0.0836
spi_F125W,O_spinosa,F125W,79,V,A,0.251
spi_F125W,O_spinosa,F125W,80,F,A,0.0
spi_F125W,O_spinosa,F125W,81,L,A,0.5872
spi_F125W,O_spinosa,F125W,82,M,A,0.2504
spi_F125W,O_spinosa,F125W,83,T,A,0.0
spi_F125W,O_spinosa,F125W,84,C,A,0.0
spi_F125W,O_spinosa,F125W,85,E,A,-1.1656
spi_F125W,O_spinosa,F125W,86,S,A,0.0
spi_F125W,O_spinosa,F125W,87,A,A,0.0
spi_F125W,O_spinosa,F125W,88,V,A,-1.251
spi_F125W,O_spinosa,F125W,89,Q,A,0.0
spi_F125W,O_spinosa,F125W,90,L,A,0.0
spi_F125W,O_spinosa,F125W,91,R,A,-2.5413
spi_F125W,O_spinosa,F125W,92,K,A,-2.5581
spi_F125W,O_spinosa,F125W,93,A,A,-1.752
spi_F125W,O_spinosa,F125W,94,G,A,-1.9513
spi_F125W,O_spinosa,F125W,95,K,A,-2.2977
spi_F125W,O_spinosa,F125W,96,V,A,-1.6614
spi_F125W,O_spinosa,F125W,97,T,A,-1.4541
spi_F125W,O_spinosa,F125W,98,V,A,-1.5138
spi_F125W,O_spinosa,F125W,99,R,A,-2.8355
spi_F125W,O_spinosa,F125W,100,E,A,-3.3658
spi_F125W,O_spinosa,F125W,101,S,A,-2.5316
spi_F125W,O_spinosa,F125W,102,T,A,-2.2128
spi_F125W,O_spinosa,F125W,103,L,A,-2.335
spi_F125W,O_spinosa,F125W,104,K,A,-3.3403
spi_F125W,O_spinosa,F125W,105,K,A,-2.499
spi_F125W,O_spinosa,F125W,106,I,A,-1.4202
spi_F125W,O_spinosa,F125W,107,G,A,0.0
spi_F125W,O_spinosa,F125W,108,A,A,-1.4919
spi_F125W,O_spinosa,F125W,109,T,A,-0.9066
spi_F125W,O_spinosa,F125W,110,H,A,-0.2063
spi_F125W,O_spinosa,F125W,111,F,A,-0.0465
spi_F125W,O_spinosa,F125W,112,R,A,-1.1023
spi_F125W,O_spinosa,F125W,113,Y,A,0.3355
spi_F125W,O_spinosa,F125W,114,G,A,0.3544
spi_F125W,O_spinosa,F125W,115,V,A,0.1173
spi_F125W,O_spinosa,F125W,116,V,A,-0.3043
spi_F125W,O_spinosa,F125W,117,D,A,-2.635
spi_F125W,O_spinosa,F125W,118,E,A,-2.9879
spi_F125W,O_spinosa,F125W,119,H,A,-1.7107
spi_F125W,O_spinosa,F125W,120,F,A,0.0
spi_F125W,O_spinosa,F125W,121,E,A,-2.7399
spi_F125W,O_spinosa,F125W,122,V,A,-1.2511
spi_F125W,O_spinosa,F125W,123,T,A,-0.9128
spi_F125W,O_spinosa,F125W,124,K,A,-1.0239
spi_F125W,O_spinosa,F125W,125,W,A,0.0101
spi_F125W,O_spinosa,F125W,126,A,A,0.0
spi_F125W,O_spinosa,F125W,127,L,A,0.0
spi_F125W,O_spinosa,F125W,128,L,A,0.0
spi_F125W,O_spinosa,F125W,129,E,A,-1.3607
spi_F125W,O_spinosa,F125W,130,T,A,0.0
spi_F125W,O_spinosa,F125W,131,I,A,0.0
spi_F125W,O_spinosa,F125W,132,K,A,-2.0819
spi_F125W,O_spinosa,F125W,133,E,A,-2.6627
spi_F125W,O_spinosa,F125W,134,A,A,-1.6197
spi_F125W,O_spinosa,F125W,135,V,A,0.0
spi_F125W,O_spinosa,F125W,136,P,A,-1.7752
spi_F125W,O_spinosa,F125W,137,E,A,-2.0306
spi_F125W,O_spinosa,F125W,138,M,A,-0.8519
spi_F125W,O_spinosa,F125W,139,W,A,-0.9175
spi_F125W,O_spinosa,F125W,140,S,A,-0.7527
spi_F125W,O_spinosa,F125W,141,P,A,-0.8736
spi_F125W,O_spinosa,F125W,142,A,A,-1.0383
spi_F125W,O_spinosa,F125W,143,M,A,0.0
spi_F125W,O_spinosa,F125W,144,K,A,-1.7995
spi_F125W,O_spinosa,F125W,145,N,A,-1.9302
spi_F125W,O_spinosa,F125W,146,A,A,0.0
spi_F125W,O_spinosa,F125W,147,W,A,0.0
spi_F125W,O_spinosa,F125W,148,G,A,0.0
spi_F125W,O_spinosa,F125W,149,E,A,-1.5058
spi_F125W,O_spinosa,F125W,150,A,A,0.0
spi_F125W,O_spinosa,F125W,151,Y,A,0.0
spi_F125W,O_spinosa,F125W,152,D,A,-1.8237
spi_F125W,O_spinosa,F125W,153,Q,A,-1.8411
spi_F125W,O_spinosa,F125W,154,L,A,0.0
spi_F125W,O_spinosa,F125W,155,V,A,0.0
spi_F125W,O_spinosa,F125W,156,N,A,-2.0387
spi_F125W,O_spinosa,F125W,157,A,A,-1.694
spi_F125W,O_spinosa,F125W,158,I,A,0.0
spi_F125W,O_spinosa,F125W,159,K,A,-1.8208
spi_F125W,O_spinosa,F125W,160,S,A,-1.4891
spi_F125W,O_spinosa,F125W,161,E,A,-2.0132
spi_F125W,O_spinosa,F125W,162,M,A,-1.3737
spi_F125W,O_spinosa,F125W,163,K,A,-1.7742
spi_F125W,O_spinosa,F125W,164,P,A,-1.1264
spi_F125W,O_spinosa,F125W,165,A,A,-1.0044
spi_F125W,O_spinosa,F125W,166,S,A,-0.4395
spi_double,O_spinosa,L43W+F125W,1,M,A,1.0123
spi_double,O_spinosa,L43W+F125W,2,G,A,0.6754
spi_double,O_spinosa,L43W+F125W,3,T,A,1.0125
spi_double,O_spinosa,L43W+F125W,4,V,A,1.9501
spi_double,O_spinosa,L43W+F125W,5,L,A,1.207
spi_double,O_spinosa,L43W+F125W,6,E,A,-0.8518
spi_double,O_spinosa,L43W+F125W,7,T,A,-0.9191
spi_double,O_spinosa,L43W+F125W,8,K,A,-1.8224
spi_double,O_spinosa,L43W+F125W,9,L,A,-0.4766
spi_double,O_spinosa,L43W+F125W,10,E,A,-1.6293
spi_double,O_spinosa,L43W+F125W,11,T,A,-0.7879
spi_double,O_spinosa,L43W+F125W,12,T,A,-0.5594
spi_double,O_spinosa,L43W+F125W,13,T,A,-0.4908
spi_double,O_spinosa,L43W+F125W,14,T,A,-0.9905
spi_double,O_spinosa,L43W+F125W,15,F,A,0.0
spi_double,O_spinosa,L43W+F125W,16,T,A,-1.738
spi_double,O_spinosa,L43W+F125W,17,Q,A,-2.4932
spi_double,O_spinosa,L43W+F125W,18,E,A,-2.4855
spi_double,O_spinosa,L43W+F125W,19,Q,A,-1.7492
spi_double,O_spinosa,L43W+F125W,20,E,A,0.0
spi_double,O_spinosa,L43W+F125W,21,A,A,-1.3724
spi_double,O_spinosa,L43W+F125W,22,L,A,-1.2496
spi_double,O_spinosa,L43W+F125W,23,V,A,0.0
spi_double,O_spinosa,L43W+F125W,24,V,A,-1.1284
spi_double,O_spinosa,L43W+F125W,25,R,A,-1.9224
spi_double,O_spinosa,L43W+F125W,26,S,A,0.0
spi_double,O_spinosa,L43W+F125W,27,W,A,0.0
spi_double,O_spinosa,L43W+F125W,28,N,A,-2.2423
spi_double,O_spinosa,L43W+F125W,29,A,A,-1.631
spi_double,O_spinosa,L43W+F125W,30,I,A,0.0
spi_double,O_spinosa,L43W+F125W,31,K,A,-2.5806
spi_double,O_spinosa,L43W+F125W,32,K,A,-3.0377
spi_double,O_spinosa,L43W+F125W,33,N,A,-2.5313
spi_double,O_spinosa,L43W+F125W,34,S,A,-2.0851
spi_double,O_spinosa,L43W+F125W,35,A,A,-1.7966
spi_double,O_spinosa,L43W+F125W,36,E,A,-2.7582
spi_double,O_spinosa,L43W+F125W,37,L,A,0.0
spi_double,O_spinosa,L43W+F125W,38,A,A,0.0
spi_double,O_spinosa,L43W+F125W,39,L,A,-1.8302
spi_double,O_spinosa,L43W+F125W,40,K,A,-2.3059
spi_double,O_spinosa,L43W+F125W,41,F,A,0.0
spi_double,O_spinosa,L43W+F125W,42,F,A,0.0
spi_double,O_spinosa,L43W+F125W,43,W,A,-0.8712
spi_double,O_spinosa,L43W+F125W,44,K,A,-1.0375
spi_double,O_spinosa,L43W+F125W,45,I,A,0.0
spi_double,O_spinosa,L43W+F125W,46,F,A,0.0
spi_double,O_spinosa,L43W+F125W,47,E,A,-1.5545
spi_double,O_spinosa,L43W+F125W,48,I,A,0.0471
spi_double,O_spinosa,L43W+F125W,49,A,A,-0.5503
spi_double,O_spinosa,L43W+F125W,50,P,A,-0.9878
spi_double,O_spinosa,L43W+F125W,51,S,A,-0.9609
spi_double,O_spinosa,L43W+F125W,52,A,A,0.0
spi_double,O_spinosa,L43W+F125W,53,Q,A,-1.5009
spi_double,O_spinosa,L43W+F125W,54,K,A,-2.165
spi_double,O_spinosa,L43W+F125W,55,L,A,-0.7818
spi_double,O_spinosa,L43W+F125W,56,F,A,-0.713
spi_double,O_spinosa,L43W+F125W,57,S,A,-0.883
spi_double,O_spinosa,L43W+F125W,58,F,A,-0.9204
spi_double,O_spinosa,L43W+F125W,59,L,A,-1.6784
spi_double,O_spinosa,L43W+F125W,60,K,A,-3.0544
spi_double,O_spinosa,L43W+F125W,61,D,A,-2.8713
spi_double,O_spinosa,L43W+F125W,62,S,A,-1.6364
spi_double,O_spinosa,L43W+F125W,63,N,A,-1.5111
spi_double,O_spinosa,L43W+F125W,64,V,A,-0.5378
spi_double,O_spinosa,L43W+F125W,65,P,A,-0.8871
spi_double,O_spinosa,L43W+F125W,66,L,A,-1.1183
spi_double,O_spinosa,L43W+F125W,67,D,A,-2.4085
spi_double,O_spinosa,L43W+F125W,68,Q,A,-2.0926
spi_double,O_spinosa,L43W+F125W,69,N,A,0.0
spi_double,O_spinosa,L43W+F125W,70,P,A,-1.7139
spi_double,O_spinosa,L43W+F125W,71,K,A,-2.3203
spi_double,O_spinosa,L43W+F125W,72,L,A,0.0
spi_double,O_spinosa,L43W+F125W,73,K,A,-2.4796
spi_double,O_spinosa,L43W+F125W,74,P,A,-1.4369
spi_double,O_spinosa,L43W+F125W,75,H,A,-1.3878
spi_double,O_spinosa,L43W+F125W,76,A,A,0.0
spi_double,O_spinosa,L43W+F125W,77,L,A,-0.2647
spi_double,O_spinosa,L43W+F125W,78,S,A,0.0836
spi_double,O_spinosa,L43W+F125W,79,V,A,0.251
spi_double,O_spinosa,L43W+F125W,80,F,A,0.0
spi_double,O_spinosa,L43W+F125W,81,L,A,0.5872
spi_double,O_spinosa,L43W+F125W,82,M,A,0.2504
spi_double,O_spinosa,L43W+F125W,83,T,A,0.0
spi_double,O_spinosa,L43W+F125W,84,C,A,0.0
spi_double,O_spinosa,L43W+F125W,85,E,A,-1.1656
spi_double,O_spinosa,L43W+F125W,86,S,A,0.0
spi_double,O_spinosa,L43W+F125W,87,A,A,0.0
spi_double,O_spinosa,L43W+F125W,88,V,A,-1.251
spi_double,O_spinosa,L43W+F125W,89,Q,A,0.0
spi_double,O_spinosa,L43W+F125W,90,L,A,0.0
spi_double,O_spinosa,L43W+F125W,91,R,A,-2.5413
spi_double,O_spinosa,L43W+F125W,92,K,A,-2.5581
spi_double,O_spinosa,L43W+F125W,93,A,A,-1.752
spi_double,O_spinosa,L43W+F125W,94,G,A,-1.9513
spi_double,O_spinosa,L43W+F125W,95,K,A,-2.2977
spi_double,O_spinosa,L43W+F125W,96,V,A,-1.6614
spi_double,O_spinosa,L43W+F125W,97,T,A,-1.4541
spi_double,O_spinosa,L43W+F125W,98,V,A,-1.5138
spi_double,O_spinosa,L43W+F125W,99,R,A,-2.8355
spi_double,O_spinosa,L43W+F125W,100,E,A,-3.3658
spi_double,O_spinosa,L43W+F125W,101,S,A,-2.5316
spi_double,O_spinosa,L43W+F125W,102,T,A,-2.2128
spi_double,O_spinosa,L43W+F125W,103,L,A,-2.335
spi_double,O_spinosa,L43W+F125W,104,K,A,-3.3403
spi_double,O_spinosa,L43W+F125W,105,K,A,-2.499
spi_double,O_spinosa,L43W+F125W,106,I,A,-1.4202
spi_double,O_spinosa,L43W+F125W,107,G,A,0.0
spi_double,O_spinosa,L43W+F125W,108,A,A,-1.4919
spi_double,O_spinosa,L43W+F125W,109,T,A,-0.9066
spi_double,O_spinosa,L43W+F125W,110,H,A,-0.2063
spi_double,O_spinosa,L43W+F125W,111,F,A,-0.0465
spi_double,O_spinosa,L43W+F125W,112,R,A,-1.1023
spi_double,O_spinosa,L43W+F125W,113,Y,A,0.3355
spi_double,O_spinosa,L43W+F125W,114,G,A,0.3544
spi_double,O_spinosa,L43W+F125W,115,V,A,0.1173
spi_double,O_spinosa,L43W+F125W,116,V,A,-0.3043
spi_double,O_spinosa,L43W+F125W,117,D,A,-2.6332
spi_double,O_spinosa,L43W+F125W,118,E,A,-2.9844
spi_double,O_spinosa,L43W+F125W,119,H,A,-1.7024
spi_double,O_spinosa,L43W+F125W,120,F,A,0.0
spi_double,O_spinosa,L43W+F125W,121,E,A,-2.7235
spi_double,O_spinosa,L43W+F125W,122,V,A,-1.1419
spi_double,O_spinosa,L43W+F125W,123,T,A,-0.8426
spi_double,O_spinosa,L43W+F125W,124,K,A,-0.9978
spi_double,O_spinosa,L43W+F125W,125,W,A,0.1099
spi_double,O_spinosa,L43W+F125W,126,A,A,0.0
spi_double,O_spinosa,L43W+F125W,127,L,A,0.0
spi_double,O_spinosa,L43W+F125W,128,L,A,0.0
spi_double,O_spinosa,L43W+F125W,129,E,A,-1.3335
spi_double,O_spinosa,L43W+F125W,130,T,A,0.0
spi_double,O_spinosa,L43W+F125W,131,I,A,0.0
spi_double,O_spinosa,L43W+F125W,132,K,A,-2.1502
spi_double,O_spinosa,L43W+F125W,133,E,A,-2.7228
spi_double,O_spinosa,L43W+F125W,134,A,A,-1.6669
spi_double,O_spinosa,L43W+F125W,135,V,A,0.0
spi_double,O_spinosa,L43W+F125W,136,P,A,-1.8045
spi_double,O_spinosa,L43W+F125W,137,E,A,-2.0441
spi_double,O_spinosa,L43W+F125W,138,M,A,-0.8673
spi_double,O_spinosa,L43W+F125W,139,W,A,-0.9247
spi_double,O_spinosa,L43W+F125W,140,S,A,-0.7384
spi_double,O_spinosa,L43W+F125W,141,P,A,-0.8345
spi_double,O_spinosa,L43W+F125W,142,A,A,-1.0035
spi_double,O_spinosa,L43W+F125W,143,M,A,0.0
spi_double,O_spinosa,L43W+F125W,144,K,A,-1.7023
spi_double,O_spinosa,L43W+F125W,145,N,A,-1.8775
spi_double,O_spinosa,L43W+F125W,146,A,A,0.0
spi_double,O_spinosa,L43W+F125W,147,W,A,0.0
spi_double,O_spinosa,L43W+F125W,148,G,A,0.0
spi_double,O_spinosa,L43W+F125W,149,E,A,-1.4903
spi_double,O_spinosa,L43W+F125W,150,A,A,0.0
spi_double,O_spinosa,L43W+F125W,151,Y,A,0.0
spi_double,O_spinosa,L43W+F125W,152,D,A,-1.8237
spi_double,O_spinosa,L43W+F125W,153,Q,A,-1.8411
spi_double,O_spinosa,L43W+F125W,154,L,A,0.0
spi_double,O_spinosa,L43W+F125W,155,V,A,0.0
spi_double,O_spinosa,L43W+F125W,156,N,A,-2.0387
spi_double,O_spinosa,L43W+F125W,157,A,A,-1.694
spi_double,O_spinosa,L43W+F125W,158,I,A,0.0
spi_double,O_spinosa,L43W+F125W,159,K,A,-1.8208
spi_double,O_spinosa,L43W+F125W,160,S,A,-1.4891
spi_double,O_spinosa,L43W+F125W,161,E,A,-2.0132
spi_double,O_spinosa,L43W+F125W,162,M,A,-1.3737
spi_double,O_spinosa,L43W+F125W,163,K,A,-1.7742
spi_double,O_spinosa,L43W+F125W,164,P,A,-1.1264
spi_double,O_spinosa,L43W+F125W,165,A,A,-1.0044
spi_double,O_spinosa,L43W+F125W,166,S,A,-0.4395
spi_L43W,O_spinosa,L43W,1,M,A,1.0123
spi_L43W,O_spinosa,L43W,2,G,A,0.6754
spi_L43W,O_spinosa,L43W,3,T,A,1.0125
spi_L43W,O_spinosa,L43W,4,V,A,1.9501
spi_L43W,O_spinosa,L43W,5,L,A,1.207
spi_L43W,O_spinosa,L43W,6,E,A,-0.8518
spi_L43W,O_spinosa,L43W,7,T,A,-0.9191
spi_L43W,O_spinosa,L43W,8,K,A,-1.8224
spi_L43W,O_spinosa,L43W,9,L,A,-0.4766
spi_L43W,O_spinosa,L43W,10,E,A,-1.6293
spi_L43W,O_spinosa,L43W,11,T,A,-0.7879
spi_L43W,O_spinosa,L43W,12,T,A,-0.5594
spi_L43W,O_spinosa,L43W,13,T,A,-0.4908
spi_L43W,O_spinosa,L43W,14,T,A,-0.9905
spi_L43W,O_spinosa,L43W,15,F,A,0.0
spi_L43W,O_spinosa,L43W,16,T,A,-1.738
spi_L43W,O_spinosa,L43W,17,Q,A,-2.4932
spi_L43W,O_spinosa,L43W,18,E,A,-2.4855
spi_L43W,O_spinosa,L43W,19,Q,A,-1.759
spi_L43W,O_spinosa,L43W,20,E,A,0.0
spi_L43W,O_spinosa,L43W,21,A,A,-1.3724
spi_L43W,O_spinosa,L43W,22,L,A,-1.2603
spi_L43W,O_spinosa,L43W,23,V,A,0.0
spi_L43W,O_spinosa,L43W,24,V,A,-1.1284
spi_L43W,O_spinosa,L43W,25,R,A,-1.9224
spi_L43W,O_spinosa,L43W,26,S,A,0.0
spi_L43W,O_spinosa,L43W,27,W,A,0.0
spi_L43W,O_spinosa,L43W,28,N,A,-2.2423
spi_L43W,O_spinosa,L43W,29,A,A,-1.631
spi_L43W,O_spinosa,L43W,30,I,A,0.0
spi_L43W,O_spinosa,L43W,31,K,A,-2.5806
spi_L43W,O_spinosa,L43W,32,K,A,-3.0377
spi_L43W,O_spinosa,L43W,33,N,A,-2.5313
spi_L43W,O_spinosa,L43W,34,S,A,-2.0851
spi_L43W,O_spinosa,L43W,35,A,A,-1.7966
spi_L43W,O_spinosa,L43W,36,E,A,-2.7582
spi_L43W,O_spinosa,L43W,37,L,A,0.0
spi_L43W,O_spinosa,L43W,38,A,A,0.0
spi_L43W,O_spinosa,L43W,39,L,A,-1.8407
spi_L43W,O_spinosa,L43W,40,K,A,-2.3258
spi_L43W,O_spinosa,L43W,41,F,A,0.0
spi_L43W,O_spinosa,L43W,42,F,A,0.0
spi_L43W,O_spinosa,L43W,43,W,A,-0.9141
spi_L43W,O_spinosa,L43W,44,K,A,-1.092
spi_L43W,O_spinosa,L43W,45,I,A,0.0
spi_L43W,O_spinosa,L43W,46,F,A,0.0
spi_L43W,O_spinosa,L43W,47,E,A,-1.6062
spi_L43W,O_spinosa,L43W,48,I,A,0.0082
spi_L43W,O_spinosa,L43W,49,A,A,-0.5869
spi_L43W,O_spinosa,L43W,50,P,A,-1.0092
spi_L43W,O_spinosa,L43W,51,S,A,-0.9674
spi_L43W,O_spinosa,L43W,52,A,A,0.0
spi_L43W,O_spinosa,L43W,53,Q,A,-1.5009
spi_L43W,O_spinosa,L43W,54,K,A,-2.165
spi_L43W,O_spinosa,L43W,55,L,A,-0.7818
spi_L43W,O_spinosa,L43W,56,F,A,-0.713
spi_L43W,O_spinosa,L43W,57,S,A,-0.883
spi_L43W,O_spinosa,L43W,58,F,A,-0.9204
spi_L43W,O_spinosa,L43W,59,L,A,-1.6784
spi_L43W,O_spinosa,L43W,60,K,A,-3.0544
spi_L43W,O_spinosa,L43W,61,D,A,-2.8713
spi_L43W,O_spinosa,L43W,62,S,A,-1.6364
spi_L43W,O_spinosa,L43W,63,N,A,-1.5111
spi_L43W,O_spinosa,L43W,64,V,A,-0.5378
spi_L43W,O_spinosa,L43W,65,P,A,-0.8871
spi_L43W,O_spinosa,L43W,66,L,A,-1.1183
spi_L43W,O_spinosa,L43W,67,D,A,-2.4085
spi_L43W,O_spinosa,L43W,68,Q,A,-2.0926
spi_L43W,O_spinosa,L43W,69,N,A,0.0
spi_L43W,O_spinosa,L43W,70,P,A,-1.7139
spi_L43W,O_spinosa,L43W,71,K,A,-2.3203
spi_L43W,O_spinosa,L43W,72,L,A,0.0
spi_L43W,O_spinosa,L43W,73,K,A,-2.4796
spi_L43W,O_spinosa,L43W,74,P,A,-1.4369
spi_L43W,O_spinosa,L43W,75,H,A,-1.3878
spi_L43W,O_spinosa,L43W,76,A,A,0.0
spi_L43W,O_spinosa,L43W,77,L,A,-0.2647
spi_L43W,O_spinosa,L43W,78,S,A,0.0836
spi_L43W,O_spinosa,L43W,79,V,A,0.251
spi_L43W,O_spinosa,L43W,80,F,A,0.0
spi_L43W,O_spinosa,L43W,81,L,A,0.5872
spi_L43W,O_spinosa,L43W,82,M,A,0.2504
spi_L43W,O_spinosa,L43W,83,T,A,0.0
spi_L43W,O_spinosa,L43W,84,C,A,0.0
spi_L43W,O_spinosa,L43W,85,E,A,-1.1656
spi_L43W,O_spinosa,L43W,86,S,A,0.0
spi_L43W,O_spinosa,L43W,87,A,A,0.0
spi_L43W,O_spinosa,L43W,88,V,A,-1.251
spi_L43W,O_spinosa,L43W,89,Q,A,0.0
spi_L43W,O_spinosa,L43W,90,L,A,0.0
spi_L43W,O_spinosa,L43W,91,R,A,-2.5413
spi_L43W,O_spinosa,L43W,92,K,A,-2.5581
spi_L43W,O_spinosa,L43W,93,A,A,-1.752
spi_L43W,O_spinosa,L43W,94,G,A,-1.9513
spi_L43W,O_spinosa,L43W,95,K,A,-2.2977
spi_L43W,O_spinosa,L43W,96,V,A,-1.6614
spi_L43W,O_spinosa,L43W,97,T,A,-1.4541
spi_L43W,O_spinosa,L43W,98,V,A,-1.5138
spi_L43W,O_spinosa,L43W,99,R,A,-2.8355
spi_L43W,O_spinosa,L43W,100,E,A,-3.3658
spi_L43W,O_spinosa,L43W,101,S,A,-2.5316
spi_L43W,O_spinosa,L43W,102,T,A,-2.2128
spi_L43W,O_spinosa,L43W,103,L,A,-2.335
spi_L43W,O_spinosa,L43W,104,K,A,-3.3403
spi_L43W,O_spinosa,L43W,105,K,A,-2.499
spi_L43W,O_spinosa,L43W,106,I,A,-1.4202
spi_L43W,O_spinosa,L43W,107,G,A,0.0
spi_L43W,O_spinosa,L43W,108,A,A,-1.4919
spi_L43W,O_spinosa,L43W,109,T,A,-0.9066
spi_L43W,O_spinosa,L43W,110,H,A,-0.2063
spi_L43W,O_spinosa,L43W,111,F,A,-0.0465
spi_L43W,O_spinosa,L43W,112,R,A,-1.1023
spi_L43W,O_spinosa,L43W,113,Y,A,0.3355
spi_L43W,O_spinosa,L43W,114,G,A,0.3544
spi_L43W,O_spinosa,L43W,115,V,A,0.1173
spi_L43W,O_spinosa,L43W,116,V,A,-0.3043
spi_L43W,O_spinosa,L43W,117,D,A,-2.6337
spi_L43W,O_spinosa,L43W,118,E,A,-2.9853
spi_L43W,O_spinosa,L43W,119,H,A,-1.6756
spi_L43W,O_spinosa,L43W,120,F,A,0.0
spi_L43W,O_spinosa,L43W,121,E,A,-2.6512
spi_L43W,O_spinosa,L43W,122,V,A,-1.0687
spi_L43W,O_spinosa,L43W,123,T,A,-0.7727
spi_L43W,O_spinosa,L43W,124,K,A,-0.8638
spi_L43W,O_spinosa,L43W,125,F,A,0.3714
spi_L43W,O_spinosa,L43W,126,A,A,0.0
spi_L43W,O_spinosa,L43W,127,L,A,0.0
spi_L43W,O_spinosa,L43W,128,L,A,0.0
spi_L43W,O_spinosa,L43W,129,E,A,-1.2514
spi_L43W,O_spinosa,L43W,130,T,A,0.0
spi_L43W,O_spinosa,L43W,131,I,A,0.0
spi_L43W,O_spinosa,L43W,132,K,A,-2.0698
spi_L43W,O_spinosa,L43W,133,E,A,-2.6777
spi_L43W,O_spinosa,L43W,134,A,A,-1.6374
spi_L43W,O_spinosa,L43W,135,V,A,0.0
spi_L43W,O_spinosa,L43W,136,P,A,-1.7728
spi_L43W,O_spinosa,L43W,137,E,A,-2.0306
spi_L43W,O_spinosa,L43W,138,M,A,-0.8519
spi_L43W,O_spinosa,L43W,139,W,A,-0.913
spi_L43W,O_spinosa,L43W,140,S,A,-0.7467
spi_L43W,O_spinosa,L43W,141,P,A,-0.8654
spi_L43W,O_spinosa,L43W,142,A,A,-1.0309
spi_L43W,O_spinosa,L43W,143,M,A,0.0
spi_L43W,O_spinosa,L43W,144,K,A,-1.7736
spi_L43W,O_spinosa,L43W,145,N,A,-1.9191
spi_L43W,O_spinosa,L43W,146,A,A,0.0
spi_L43W,O_spinosa,L43W,147,W,A,0.0
spi_L43W,O_spinosa,L43W,148,G,A,0.0
spi_L43W,O_spinosa,L43W,149,E,A,-1.5026
spi_L43W,O_spinosa,L43W,150,A,A,0.0
spi_L43W,O_spinosa,L43W,151,Y,A,0.0
spi_L43W,O_spinosa,L43W,152,D,A,-1.8237
spi_L43W,O_spinosa,L43W,153,Q,A,-1.8411
spi_L43W,O_spinosa,L43W,154,L,A,0.0
spi_L43W,O_spinosa,L43W,155,V,A,0.0
spi_L43W,O_spinosa,L43W,156,N,A,-2.0387
spi_L43W,O_spinosa,L43W,157,A,A,-1.694
spi_L43W,O_spinosa,L43W,158,I,A,0.0
spi_L43W,O_spinosa,L43W,159,K,A,-1.8208
spi_L43W,O_spinosa,L43W,160,S,A,-1.4891
spi_L43W,O_spinosa,L43W,161,E,A,-2.0132
spi_L43W,O_spinosa,L43W,162,M,A,-1.3737
spi_L43W,O_spinosa,L43W,163,K,A,-1.7742
spi_L43W,O_spinosa,L43W,164,P,A,-1.1264
spi_L43W,O_spinosa,L43W,165,A,A,-1.0044
spi_L43W,O_spinosa,L43W,166,S,A,-0.4395
spi_WT,O_spinosa,WT,1,M,A,1.0123
spi_WT,O_spinosa,WT,2,G,A,0.6754
spi_WT,O_spinosa,WT,3,T,A,1.0125
spi_WT,O_spinosa,WT,4,V,A,1.9501
spi_WT,O_spinosa,WT,5,L,A,1.207
spi_WT,O_spinosa,WT,6,E,A,-0.8518
spi_WT,O_spinosa,WT,7,T,A,-0.9191
spi_WT,O_spinosa,WT,8,K,A,-1.8224
spi_WT,O_spinosa,WT,9,L,A,-0.4766
spi_WT,O_spinosa,WT,10,E,A,-1.6293
spi_WT,O_spinosa,WT,11,T,A,-0.7879
spi_WT,O_spinosa,WT,12,T,A,-0.5594
spi_WT,O_spinosa,WT,13,T,A,-0.4908
spi_WT,O_spinosa,WT,14,T,A,-0.9905
spi_WT,O_spinosa,WT,15,F,A,0.0
spi_WT,O_spinosa,WT,16,T,A,-1.738
spi_WT,O_spinosa,WT,17,Q,A,-2.4932
spi_WT,O_spinosa,WT,18,E,A,-2.4855
spi_WT,O_spinosa,WT,19,Q,A,-1.759
spi_WT,O_spinosa,WT,20,E,A,0.0
spi_WT,O_spinosa,WT,21,A,A,-1.3724
spi_WT,O_spinosa,WT,22,L,A,-1.2603
spi_WT,O_spinosa,WT,23,V,A,0.0
spi_WT,O_spinosa,WT,24,V,A,-1.1284
spi_WT,O_spinosa,WT,25,R,A,-1.9224
spi_WT,O_spinosa,WT,26,S,A,0.0
spi_WT,O_spinosa,WT,27,W,A,0.0
spi_WT,O_spinosa,WT,28,N,A,-2.2423
spi_WT,O_spinosa,WT,29,A,A,-1.631
spi_WT,O_spinosa,WT,30,I,A,0.0
spi_WT,O_spinosa,WT,31,K,A,-2.5841
spi_WT,O_spinosa,WT,32,K,A,-3.0416
spi_WT,O_spinosa,WT,33,N,A,-2.5414
spi_WT,O_spinosa,WT,34,S,A,-2.0755
spi_WT,O_spinosa,WT,35,A,A,-1.7892
spi_WT,O_spinosa,WT,36,E,A,-2.7681
spi_WT,O_spinosa,WT,37,L,A,0.0
spi_WT,O_spinosa,WT,38,A,A,0.0
spi_WT,O_spinosa,WT,39,L,A,-1.8504
spi_WT,O_spinosa,WT,40,K,A,-2.228
spi_WT,O_spinosa,WT,41,F,A,0.0
spi_WT,O_spinosa,WT,42,F,A,0.0
spi_WT,O_spinosa,WT,43,L,A,-1.05
spi_WT,O_spinosa,WT,44,K,A,-1.1303
spi_WT,O_spinosa,WT,45,I,A,0.0
spi_WT,O_spinosa,WT,46,F,A,0.0
spi_WT,O_spinosa,WT,47,E,A,-1.6579
spi_WT,O_spinosa,WT,48,I,A,-0.0181
spi_WT,O_spinosa,WT,49,A,A,-0.6072
spi_WT,O_spinosa,WT,50,P,A,-1.0316
spi_WT,O_spinosa,WT,51,S,A,-0.9674
spi_WT,O_spinosa,WT,52,A,A,0.0
spi_WT,O_spinosa,WT,53,Q,A,-1.5063
spi_WT,O_spinosa,WT,54,K,A,-2.165
spi_WT,O_spinosa,WT,55,L,A,-0.7818
spi_WT,O_spinosa,WT,56,F,A,-0.713
spi_WT,O_spinosa,WT,57,S,A,-0.883
spi_WT,O_spinosa,WT,58,F,A,-0.9204
spi_WT,O_spinosa,WT,59,L,A,-1.6569
spi_WT,O_spinosa,WT,60,K,A,-3.0544
spi_WT,O_spinosa,WT,61,D,A,-2.8713
spi_WT,O_spinosa,WT,62,S,A,-1.6191
spi_WT,O_spinosa,WT,63,N,A,-1.4943
spi_WT,O_spinosa,WT,64,V,A,-0.5375
spi_WT,O_spinosa,WT,65,P,A,-0.8909
spi_WT,O_spinosa,WT,66,L,A,-1.1289
spi_WT,O_spinosa,WT,67,D,A,-2.5672
spi_WT,O_spinosa,WT,68,Q,A,-2.1546
spi_WT,O_spinosa,WT,69,N,A,0.0
spi_WT,O_spinosa,WT,70,P,A,-1.7302
spi_WT,O_spinosa,WT,71,K,A,-2.3051
spi_WT,O_spinosa,WT,72,L,A,0.0
spi_WT,O_spinosa,WT,73,K,A,-2.4922
spi_WT,O_spinosa,WT,74,P,A,-1.4388
spi_WT,O_spinosa,WT,75,H,A,-1.3896
spi_WT,O_spinosa,WT,76,A,A,0.0
spi_WT,O_spinosa,WT,77,L,A,-0.2705
spi_WT,O_spinosa,WT,78,S,A,0.0836
spi_WT,O_spinosa,WT,79,V,A,0.251
spi_WT,O_spinosa,WT,80,F,A,0.0
spi_WT,O_spinosa,WT,81,L,A,0.5872
spi_WT,O_spinosa,WT,82,M,A,0.2504
spi_WT,O_spinosa,WT,83,T,A,0.0
spi_WT,O_spinosa,WT,84,C,A,0.0
spi_WT,O_spinosa,WT,85,E,A,-1.1656
spi_WT,O_spinosa,WT,86,S,A,0.0
spi_WT,O_spinosa,WT,87,A,A,0.0
spi_WT,O_spinosa,WT,88,V,A,-1.251
spi_WT,O_spinosa,WT,89,Q,A,0.0
spi_WT,O_spinosa,WT,90,L,A,0.0
spi_WT,O_spinosa,WT,91,R,A,-2.5413
spi_WT,O_spinosa,WT,92,K,A,-2.5581
spi_WT,O_spinosa,WT,93,A,A,-1.752
spi_WT,O_spinosa,WT,94,G,A,-1.9513
spi_WT,O_spinosa,WT,95,K,A,-2.2977
spi_WT,O_spinosa,WT,96,V,A,-1.6614
spi_WT,O_spinosa,WT,97,T,A,-1.4541
spi_WT,O_spinosa,WT,98,V,A,-1.5138
spi_WT,O_spinosa,WT,99,R,A,-2.8355
spi_WT,O_spinosa,WT,100,E,A,-3.3658
spi_WT,O_spinosa,WT,101,S,A,-2.5316
spi_WT,O_spinosa,WT,102,T,A,-2.2128
spi_WT,O_spinosa,WT,103,L,A,-2.335
spi_WT,O_spinosa,WT,104,K,A,-3.3403
spi_WT,O_spinosa,WT,105,K,A,-2.499
spi_WT,O_spinosa,WT,106,I,A,-1.4202
spi_WT,O_spinosa,WT,107,G,A,0.0
spi_WT,O_spinosa,WT,108,A,A,-1.4919
spi_WT,O_spinosa,WT,109,T,A,-0.9066
spi_WT,O_spinosa,WT,110,H,A,-0.2063
spi_WT,O_spinosa,WT,111,F,A,-0.0465
spi_WT,O_spinosa,WT,112,R,A,-1.1023
spi_WT,O_spinosa,WT,113,Y,A,0.3355
spi_WT,O_spinosa,WT,114,G,A,0.3544
spi_WT,O_spinosa,WT,115,V,A,0.1173
spi_WT,O_spinosa,WT,116,V,A,-0.3043
spi_WT,O_spinosa,WT,117,D,A,-2.6337
spi_WT,O_spinosa,WT,118,E,A,-2.9853
spi_WT,O_spinosa,WT,119,H,A,-1.6756
spi_WT,O_spinosa,WT,120,F,A,0.0
spi_WT,O_spinosa,WT,121,E,A,-2.6512
spi_WT,O_spinosa,WT,122,V,A,-1.0687
spi_WT,O_spinosa,WT,123,T,A,-0.7727
spi_WT,O_spinosa,WT,124,K,A,-0.8638
spi_WT,O_spinosa,WT,125,F,A,0.3714
spi_WT,O_spinosa,WT,126,A,A,0.0
spi_WT,O_spinosa,WT,127,L,A,0.0
spi_WT,O_spinosa,WT,128,L,A,0.0
spi_WT,O_spinosa,WT,129,E,A,-1.2514
spi_WT,O_spinosa,WT,130,T,A,0.0
spi_WT,O_spinosa,WT,131,I,A,0.0
spi_WT,O_spinosa,WT,132,K,A,-2.0698
spi_WT,O_spinosa,WT,133,E,A,-2.6564
spi_WT,O_spinosa,WT,134,A,A,-1.6163
spi_WT,O_spinosa,WT,135,V,A,0.0
spi_WT,O_spinosa,WT,136,P,A,-1.7728
spi_WT,O_spinosa,WT,137,E,A,-2.0306
spi_WT,O_spinosa,WT,138,M,A,-0.8519
spi_WT,O_spinosa,WT,139,W,A,-0.913
spi_WT,O_spinosa,WT,140,S,A,-0.7467
spi_WT,O_spinosa,WT,141,P,A,-0.8654
spi_WT,O_spinosa,WT,142,A,A,-1.0309
spi_WT,O_spinosa,WT,143,M,A,0.0
spi_WT,O_spinosa,WT,144,K,A,-1.7736
spi_WT,O_spinosa,WT,145,N,A,-1.9191
spi_WT,O_spinosa,WT,146,A,A,0.0
spi_WT,O_spinosa,WT,147,W,A,0.0
spi_WT,O_spinosa,WT,148,G,A,0.0
spi_WT,O_spinosa,WT,149,E,A,-1.5026
spi_WT,O_spinosa,WT,150,A,A,0.0
spi_WT,O_spinosa,WT,151,Y,A,0.0
spi_WT,O_spinosa,WT,152,D,A,-1.8237
spi_WT,O_spinosa,WT,153,Q,A,-1.8411
spi_WT,O_spinosa,WT,154,L,A,0.0
spi_WT,O_spinosa,WT,155,V,A,0.0
spi_WT,O_spinosa,WT,156,N,A,-2.0387
spi_WT,O_spinosa,WT,157,A,A,-1.694
spi_WT,O_spinosa,WT,158,I,A,0.0
spi_WT,O_spinosa,WT,159,K,A,-1.8208
spi_WT,O_spinosa,WT,160,S,A,-1.4891
spi_WT,O_spinosa,WT,161,E,A,-2.0132
spi_WT,O_spinosa,WT,162,M,A,-1.3737
spi_WT,O_spinosa,WT,163,K,A,-1.7742
spi_WT,O_spinosa,WT,164,P,A,-1.1264
spi_WT,O_spinosa,WT,165,A,A,-1.0044
spi_WT,O_spinosa,WT,166,S,A,-0.4395
