group,system,species,mutation,rep,n_frames,dHis_Fe_mean,dHis_Fe_sd,pct_closed,dHis_O2_mean,pct_hbond
Without_O2,LegHEM22,P_sativum,WT,1,801,8.42701,1.3867252,0.0,,
Without_O2,LegHEM22,P_sativum,WT,2,801,4.6135664,1.3998793,88.76404494382022,,
Without_O2,LegHEM22,P_sativum,WT,3,801,6.071662,1.6024078,35.580524344569284,,
Without_O2,LegHEMV53T,P_sativum,V53T,1,801,8.523996,1.0414872,0.0,,
Without_O2,LegHEMV53T,P_sativum,V53T,2,801,7.931796,1.3258314,5.742821473158552,,
Without_O2,LegHEMV53T,P_sativum,V53T,3,801,6.846665,1.8546711,29.463171036204745,,
Without_O2,LegHEMV83T,P_sativum,V83T,1,801,4.2298007,0.30217502,98.62671660424469,,
Without_O2,LegHEMV83T,P_sativum,V83T,2,801,7.6123986,1.49094,11.11111111111111,,
Without_O2,LegHEMV83T,P_sativum,V83T,3,801,6.1615863,1.7970589,42.82147315855181,,
Without_O2,LegHEMV53V83T,P_sativum,V53T+V83T,1,801,7.4298644,0.87105,1.373283395755306,,
Without_O2,LegHEMV53V83T,P_sativum,V53T+V83T,2,801,8.515148,0.9261289,0.12484394506866417,,
Without_O2,LegHEMV53V83T,P_sativum,V53T+V83T,3,801,8.263381,1.3520771,0.0,,
Without_O2,SpinoHEMNatural_v2,O_spinosa,WT,1,801,6.980118,0.87346965,1.6229712858926344,,
Without_O2,SpinoHEMNatural_v2,O_spinosa,WT,2,801,6.900502,0.6109331,0.0,,
Without_O2,SpinoHEMNatural_v2,O_spinosa,WT,3,801,7.465658,0.9713721,0.0,,
Without_O2,SpinoHEML43W_v2,O_spinosa,L43W,1,801,6.893864,0.69284874,0.0,,
Without_O2,SpinoHEML43W_v2,O_spinosa,L43W,2,801,6.889986,0.80470055,0.0,,
Without_O2,SpinoHEML43W_v2,O_spinosa,L43W,3,801,6.8076854,0.6819749,0.12484394506866417,,
Without_O2,SpinoHEMF125W_v2,O_spinosa,F125W,1,801,7.8778296,0.917842,0.0,,
Without_O2,SpinoHEMF125W_v2,O_spinosa,F125W,2,801,7.549606,0.8116141,0.12484394506866417,,
Without_O2,SpinoHEMF125W_v2,O_spinosa,F125W,3,801,7.4251776,0.84823394,0.0,,
Without_O2,SpinoHEMF125L43W_v2,O_spinosa,F125W+L43W,1,801,6.4666166,0.6498449,0.37453183520599254,,
Without_O2,SpinoHEMF125L43W_v2,O_spinosa,F125W+L43W,2,801,7.311342,0.92810017,0.0,,
Without_O2,SpinoHEMF125L43W_v2,O_spinosa,F125W+L43W,3,801,7.2043076,0.8307783,0.12484394506866417,,
With_O2,LegHEM22,P_sativum,WT,1,801,6.8805633,0.53738225,0.0,6.23006534576416,0.0
With_O2,LegHEM22,P_sativum,WT,2,801,8.59186,1.1247262,0.0,7.4726080894470215,0.0
With_O2,LegHEM22,P_sativum,WT,3,801,6.544654,1.78411,17.353308364544322,5.46816349029541,6.117353308364544
With_O2,LegHEMV83T,P_sativum,V83T,1,801,6.753955,1.8361436,33.70786516853933,5.72360372543335,29.588014981273407
With_O2,LegHEMV83T,P_sativum,V83T,2,801,6.7624526,1.4933425,6.866416978776529,5.493025302886963,5.992509363295881
With_O2,LegHEMV83T,P_sativum,V83T,3,801,9.614861,2.002629,2.6217228464419478,8.81523609161377,2.6217228464419478
With_O2,SpinoHEMNatural,O_spinosa,WT,1,801,6.9148464,0.7016766,0.0,5.901183128356934,0.0
With_O2,SpinoHEMNatural,O_spinosa,WT,2,801,7.14034,0.81330115,0.12484394506866417,5.985315799713135,0.0
With_O2,SpinoHEMNatural,O_spinosa,WT,3,801,6.709134,0.5938506,0.0,5.720270156860352,0.0
With_O2,SpinoHEMF125W,O_spinosa,F125W,1,801,8.39437,0.5989348,0.0,7.1570143699646,0.0
With_O2,SpinoHEMF125W,O_spinosa,F125W,2,801,6.824632,0.6642229,0.0,5.717963695526123,0.0
With_O2,SpinoHEMF125W,O_spinosa,F125W,3,801,7.837508,0.8291516,0.0,6.551519870758057,0.0
With_O2,SpinoHEMF125L43W,O_spinosa,F125W+L43W,1,801,6.9210434,0.72700024,0.0,5.739124774932861,0.0
With_O2,SpinoHEMF125L43W,O_spinosa,F125W+L43W,2,801,6.813535,0.65261316,0.0,5.682486534118652,0.0
With_O2,SpinoHEMF125L43W,O_spinosa,F125W+L43W,3,801,6.5154777,0.56220096,0.0,5.529654026031494,0.12484394506866417
