group,species,metric,mutation,wt,mut_val,delta,cohens_d,p
Without_O2,P_sativum,rmsd_bb_A,V53T,3.7267458959633792,3.7018453770287145,-0.024900518934664717,-0.016849202249498603,0.9846414736360675
Without_O2,P_sativum,rmsd_bb_A,V83T,3.7267458959633792,2.7590326616729093,-0.96771323429047,-0.5573551334416992,0.5323444713106551
Without_O2,P_sativum,rmsd_bb_A,V53T+V83T,3.7267458959633792,3.5781390819808574,-0.14860681398252185,-0.1185176193197626,0.8965591964238393
Without_O2,P_sativum,rmsf_ca_A,V53T,1.2926298850574713,1.3926160919540227,0.09998620689655136,0.2762180429504544,0.7525506095844896
Without_O2,P_sativum,rmsf_ca_A,V83T,1.2926298850574713,1.041064367816092,-0.2515655172413793,-0.5681296470249116,0.5266981226099567
Without_O2,P_sativum,rmsf_ca_A,V53T+V83T,1.2926298850574713,1.321689655172414,0.02905977011494265,0.09154368834996889,0.9174227025872213
Without_O2,P_sativum,rg_nm,V53T,1.5498327965043694,1.5587162380357882,0.008883441531418734,0.3730817868021968,0.6738672517221558
Without_O2,P_sativum,rg_nm,V83T,1.5498327965043694,1.5418932334581772,-0.007939563046192255,-0.27286725392241334,0.7552117392452457
Without_O2,P_sativum,rg_nm,V53T+V83T,1.5498327965043694,1.5459364169787768,-0.0038963795255926303,-0.17051941340528629,0.8466684044577207
Without_O2,P_sativum,sasa_nm2,V53T,90.66031751976696,91.44280565959218,0.7824881398252188,0.37058616754847884,0.6738893797800656
Without_O2,P_sativum,sasa_nm2,V83T,90.66031751976696,91.20514773200166,0.5448302122347002,0.20491949335651571,0.8151251631130491
Without_O2,P_sativum,sasa_nm2,V53T+V83T,90.66031751976696,92.23594049105286,1.5756229712858953,0.8820008918254506,0.3600583243432141
Without_O2,P_sativum,hbonds,V53T,113.74698293799418,113.41614648356222,-0.3308364544319602,-0.22236659185895377,0.8003650350436182
Without_O2,P_sativum,hbonds,V83T,113.74698293799418,114.34082397003745,0.5938410320432723,0.5214570788103633,0.5582227951710031
Without_O2,P_sativum,hbonds,V53T+V83T,113.74698293799418,114.17478152309614,0.4277985851019679,0.3137864374818595,0.7212146273719626
Without_O2,O_spinosa,rmsd_bb_A,L43W,4.723624423220975,5.558107108198087,0.8344826849771119,0.8247773600147497,0.38733389576084315
Without_O2,O_spinosa,rmsd_bb_A,F125W,4.723624423220975,5.218155315855181,0.4945308926342067,1.0003980501175833,0.3198769464967346
Without_O2,O_spinosa,rmsd_bb_A,F125W+L43W,4.723624423220975,6.51874157636288,1.7951171531419057,1.7543429207948573,0.12227699703461131
Without_O2,O_spinosa,rmsf_ca_A,L43W,2.016236947791165,1.8376787148594378,-0.178558232931727,-0.3755272427954701,0.6695750394490314
Without_O2,O_spinosa,rmsf_ca_A,F125W,2.016236947791165,2.235606425702811,0.21936947791164618,0.5878498650915586,0.5208306791305501
Without_O2,O_spinosa,rmsf_ca_A,F125W+L43W,2.016236947791165,2.6665542168674703,0.6503172690763055,1.1183901999312735,0.2521115933470196
Without_O2,O_spinosa,rg_nm,L43W,1.6852652975447358,1.6958373533083648,0.010572055763629074,0.26210703236074817,0.7715761709567315
Without_O2,O_spinosa,rg_nm,F125W,1.6852652975447358,1.675016246358718,-0.010249051186017821,-0.4436784372065428,0.615950645864634
Without_O2,O_spinosa,rg_nm,F125W+L43W,1.6852652975447358,1.7028981065334996,0.01763280898876385,0.38476436375966794,0.6752871035079641
Without_O2,O_spinosa,sasa_nm2,L43W,109.56029504785685,109.94989679567209,0.3896017478152345,0.22311295253482386,0.8018732204389077
Without_O2,O_spinosa,sasa_nm2,F125W,109.56029504785685,110.01965667915105,0.4593616312942004,0.34156059910649916,0.6982197683041091
Without_O2,O_spinosa,sasa_nm2,F125W+L43W,109.56029504785685,111.34300166458594,1.7827066167290866,0.5782120329154973,0.5433508609128901
Without_O2,O_spinosa,hbonds,L43W,125.07490636704121,125.05118601747814,-0.02372034956306379,-0.012744220408835846,0.9883418195530407
Without_O2,O_spinosa,hbonds,F125W,125.07490636704121,124.16021639617145,-0.9146899708697589,-0.6585620354719178,0.46973117453414676
Without_O2,O_spinosa,hbonds,F125W+L43W,125.07490636704121,122.38451935081149,-2.690387016229721,-1.2031435222805038,0.23065604638876033
With_O2,P_sativum,rmsd_bb_A,V83T,2.7481844839783602,2.7154734444444446,-0.03271103953391563,-0.028648445468080364,0.9737158014424951
With_O2,P_sativum,rmsf_ca_A,V83T,1.1386965517241379,1.1343402298850576,-0.004356321839080302,-0.013602170084947051,0.9875299139882014
With_O2,P_sativum,rg_nm,V83T,1.5418607823553891,1.5369648730753227,-0.004895909280066446,-0.19030940015757497,0.8278569830603433
With_O2,P_sativum,sasa_nm2,V83T,92.11966000832292,90.57786641697878,-1.5417935913441454,-0.5722310583077631,0.5238498010388006
With_O2,P_sativum,hbonds,V83T,111.76446109030378,114.13566375364128,2.371202663337499,0.9784312353375705,0.3183287454869806
With_O2,O_spinosa,rmsd_bb_A,F125W,5.614914474406992,5.41088014190595,-0.20403433250104186,-0.13956577658187178,0.8797192651374763
With_O2,O_spinosa,rmsd_bb_A,F125W+L43W,5.614914474406992,4.64791475093633,-0.9669997234706615,-4.255950113903888,0.04411869759704599
With_O2,O_spinosa,rmsf_ca_A,F125W,2.88614859437751,2.043819277108434,-0.8423293172690758,-1.214821988277963,0.25796477666855916
With_O2,O_spinosa,rmsf_ca_A,F125W+L43W,2.88614859437751,2.4303373493975906,-0.4558112449799192,-1.3637563453421866,0.30686727146652715
With_O2,O_spinosa,rg_nm,F125W,1.7308790803162715,1.722014502704952,-0.008864577611319424,-0.150592318634136,0.8686261805255631
With_O2,O_spinosa,rg_nm,F125W+L43W,1.7308790803162715,1.7232942446941322,-0.0075848356221392965,-0.27296055415775167,0.8046527224844784
With_O2,O_spinosa,sasa_nm2,F125W,112.30643528922182,111.35330961298378,-0.9531256762380451,-0.2340719171682056,0.7977423677655245
With_O2,O_spinosa,sasa_nm2,F125W+L43W,112.30643528922182,111.82563108614232,-0.4808042030795008,-0.37218707051767785,0.6938454639668947
With_O2,O_spinosa,hbonds,F125W,120.57761131918436,120.51851851851852,-0.05909280066583733,-0.016558265161153222,0.9851850223225868
With_O2,O_spinosa,hbonds,F125W+L43W,120.57761131918436,121.49063670411985,0.9130253849354943,0.5126541777717859,0.6018608380859157
