group,system,species,mutation,rep,rmsd_bb_A,rmsf_ca_A,rg_nm,sasa_nm2,hbonds,helix_pct
Without_O2,LegHEM22,P_sativum,WT,1,1.7050038751560548,0.886202797202797,1.5143758426966292,88.18347066167291,112.42571785268414,81.5044120020043
Without_O2,LegHEM22,P_sativum,WT,2,1.7168008089887643,0.6786923076923075,1.516246254681648,89.04730337078654,113.80898876404494,80.60842314453872
Without_O2,LegHEM22,P_sativum,WT,3,1.6076593445692886,0.8521188811188809,1.510154107365793,87.45000624219726,112.41573033707866,80.79016875164548
Without_O2,LegHEMV53T,P_sativum,V53T,1,1.90118290886392,0.8854685314685317,1.5249528214731582,89.25560923845192,111.31835205992509,80.70948729054668
Without_O2,LegHEMV53T,P_sativum,V53T,2,1.982113486891386,0.7747972027972028,1.520572334581773,88.46254307116105,114.62671660424469,81.69974606571718
Without_O2,LegHEMV53T,P_sativum,V53T,3,1.5895714943820225,0.8605944055944057,1.516727952559301,88.81870287141072,112.60923845193508,80.58719118109167
Without_O2,LegHEMV83T,P_sativum,V83T,1,1.5801358801498129,0.6917832167832167,1.5082894506866418,87.65876279650436,114.41822721598002,79.85341452436155
Without_O2,LegHEMV83T,P_sativum,V83T,2,1.6894252496878903,0.7633496503496504,1.5271799001248438,91.27867166042446,112.74032459425717,80.24408265178731
Without_O2,LegHEMV83T,P_sativum,V83T,3,1.8309107640449438,0.7914895104895106,1.5241798626716605,89.7369850187266,113.28464419475655,79.57994683516353
Without_O2,LegHEMV53V83T,P_sativum,V53T+V83T,1,1.6285765143570539,0.8778601398601398,1.5241196379525592,90.01451685393258,113.76029962546816,80.66702336365258
Without_O2,LegHEMV53V83T,P_sativum,V53T+V83T,2,1.8587033870162297,0.8905104895104896,1.5237168289637955,90.72538327091137,112.09113607990012,79.41943319150381
Without_O2,LegHEMV53V83T,P_sativum,V53T+V83T,3,1.7493902596754054,0.812048951048951,1.515504382022472,90.91149313358302,114.43820224719101,81.4806322029436
Without_O2,SpinoHEMNatural_v2,O_spinosa,WT,1,1.9324368451935081,0.8210705128205127,1.5870808988764045,97.63604619225967,121.87265917602996,79.12265356926596
Without_O2,SpinoHEMNatural_v2,O_spinosa,WT,2,1.8574052921348316,0.7642371794871795,1.5779690636704118,96.02844194756555,124.09363295880149,78.36985205618726
Without_O2,SpinoHEMNatural_v2,O_spinosa,WT,3,2.127867664169788,0.8744871794871795,1.5774374032459426,96.66100873907615,124.52434456928839,79.2818856668685
Without_O2,SpinoHEML43W_v2,O_spinosa,L43W,1,2.1545937265917607,0.8301474358974358,1.583516866416979,96.60252559300874,124.56679151061174,78.63224861139145
Without_O2,SpinoHEML43W_v2,O_spinosa,L43W,2,2.1553617253433206,0.7872948717948718,1.5830919350811488,97.13738327091136,124.14107365792759,79.04490644179805
Without_O2,SpinoHEML43W_v2,O_spinosa,L43W,3,1.7548032846441948,0.7379166666666666,1.5937695880149811,98.35126092384519,122.20724094881398,80.75534324609208
Without_O2,SpinoHEMF125W_v2,O_spinosa,F125W,1,2.058279584269663,0.8305384615384616,1.5843381273408237,97.96077278401997,122.1585518102372,78.87296567912864
Without_O2,SpinoHEMF125W_v2,O_spinosa,F125W,2,1.9199516741573033,0.9376923076923077,1.5871032334581774,98.61463795255929,123.18102372034956,80.24325880075055
Without_O2,SpinoHEMF125W_v2,O_spinosa,F125W,3,1.7498632509363299,0.7915961538461538,1.58549797752809,97.97139700374532,121.34831460674157,79.46130211487139
Without_O2,SpinoHEMF125L43W_v2,O_spinosa,F125W+L43W,1,2.476022229712859,1.0366089743589744,1.5950783146067415,100.54284269662922,118.83021223470662,78.81540290206105
Without_O2,SpinoHEMF125L43W_v2,O_spinosa,F125W+L43W,2,2.1768872247191013,1.0937884615384614,1.6074242446941325,100.40569288389513,121.21098626716605,78.96043119753003
Without_O2,SpinoHEMF125L43W_v2,O_spinosa,F125W+L43W,3,2.6352988077403245,0.8737820512820513,1.575806304619226,95.94650686641698,122.67041198501873,80.03244447434719
With_O2,LegHEM22,P_sativum,WT,1,1.6808665355805241,0.7511258741258741,1.5258229712858926,91.51131585518104,109.30461922596754,79.43533421061511
With_O2,LegHEM22,P_sativum,WT,2,1.6053255031210987,0.8369440559440561,1.5126829588014983,88.8994506866417,114.74406991260923,80.76390997739313
With_O2,LegHEM22,P_sativum,WT,3,1.7685702272159798,0.7695734265734268,1.521330449438202,90.13283021223471,109.98751560549313,79.71370246651145
With_O2,LegHEMV83T,P_sativum,V83T,1,1.7068778876404496,0.7477482517482517,1.504069950062422,87.13781273408239,114.78027465667915,80.16162229645376
With_O2,LegHEMV83T,P_sativum,V83T,2,1.6787523820224721,0.880937062937063,1.515126729088639,89.19505742821472,113.38826466916355,80.06292809663596
With_O2,LegHEMV83T,P_sativum,V83T,3,1.8795067028714108,0.821118881118881,1.52705620474407,90.81291011235956,112.21223470661673,80.21307824678611
With_O2,SpinoHEMNatural,O_spinosa,WT,1,2.189143268414482,0.8719038461538463,1.5949038826466917,98.96948813982522,119.64419475655431,79.83134853887731
With_O2,SpinoHEMNatural,O_spinosa,WT,2,2.113789677902622,0.9951153846153847,1.5929585143570537,99.10416604244695,120.95755305867665,79.05611996979823
With_O2,SpinoHEMNatural,O_spinosa,WT,3,2.2184220923845195,0.9676089743589743,1.602793645443196,100.13821972534333,117.30586766541823,79.27814782420178
With_O2,SpinoHEMF125W,O_spinosa,F125W,1,2.3488390799001246,0.821698717948718,1.5821845193508115,97.54148564294633,122.1310861423221,78.61879237779124
With_O2,SpinoHEMF125W,O_spinosa,F125W,2,1.8042104182272156,0.8924358974358975,1.6112096004993757,101.17712734082397,116.13857677902622,79.1891871687337
With_O2,SpinoHEMF125W,O_spinosa,F125W,3,2.162865404494382,0.9676602564102564,1.591639263420724,99.16947690387015,119.00374531835206,79.3147786823357
With_O2,SpinoHEMF125L43W,O_spinosa,F125W+L43W,1,2.170672589263421,0.9281153846153846,1.6014534831460674,99.74120474406992,119.49687890137328,
With_O2,SpinoHEMF125L43W,O_spinosa,F125W+L43W,2,1.9055882746566795,0.9123076923076923,1.5970728963795255,98.17608239700373,120.21473158551811,78.84082023219479
With_O2,SpinoHEMF125L43W,O_spinosa,F125W+L43W,3,1.8130755867665416,0.8359230769230768,1.5863236828963796,97.39099126092384,121.42322097378278,79.21684720446747
