group,system,species,mutation,n_mut,rep,n_frames,sasa_total,sasa_apolar,sasa_polar,frac_apolar
Without_O2,LegHEM22,P_sativum,WT,0,1,801,89.67390511860174,48.87932709113608,40.79477028714108,54.50786048236532
Without_O2,LegHEM22,P_sativum,WT,0,2,801,90.07323845193508,49.966520599250934,40.10689388264669,55.47321430650469
Without_O2,LegHEM22,P_sativum,WT,0,3,801,88.78160424469414,48.959249687890136,39.822520599250936,55.14571414248362
Without_O2,LegHEMV53T,P_sativum,V53T,1,1,801,90.37296629213485,49.391579275905116,40.98156054931335,54.6530464832199
Without_O2,LegHEMV53T,P_sativum,V53T,1,2,801,89.76312734082397,49.4721897627965,40.291083645443194,55.114155698869816
Without_O2,LegHEMV53T,P_sativum,V53T,1,3,801,90.14232334581772,49.08934332084894,41.05314856429464,54.45759716279435
Without_O2,LegHEMV83T,P_sativum,V83T,1,1,801,89.09662921348315,48.73090262172284,40.36588639200999,54.694440240785575
Without_O2,LegHEMV83T,P_sativum,V83T,1,2,801,92.39297627965044,50.9296429463171,41.463496878901374,55.122851321691165
Without_O2,LegHEMV83T,P_sativum,V83T,1,3,801,91.12136079900124,49.983686641697886,41.13785892634207,54.85397299098034
Without_O2,LegHEMV53V83T,P_sativum,V53T+V83T,2,1,801,91.3254781523096,49.96281398252185,41.362842696629215,54.70851617025812
Without_O2,LegHEMV53V83T,P_sativum,V53T+V83T,2,2,801,91.90982147315854,49.887685393258415,42.02230961298376,54.278949293604796
Without_O2,LegHEMV53V83T,P_sativum,V53T+V83T,2,3,801,92.27695006242197,51.0799950062422,41.19713732833957,55.35509677301694
Without_O2,SpinoHEMNatural_v2,O_spinosa,WT,0,1,801,98.5379900124844,52.24441323345817,46.293771535580525,53.01956456270216
Without_O2,SpinoHEMNatural_v2,O_spinosa,WT,0,2,801,97.07430212234706,51.49314731585518,45.581364544319605,53.04508627932867
Without_O2,SpinoHEMNatural_v2,O_spinosa,WT,0,3,801,97.52460174781524,51.81209737827716,45.712690387016224,53.12720734021132
Without_O2,SpinoHEML43W_v2,O_spinosa,L43W,1,1,801,97.87952184769038,52.2563770287141,45.62333458177278,53.388467824791654
Without_O2,SpinoHEML43W_v2,O_spinosa,L43W,1,2,801,98.27974781523095,52.83297877652934,45.44694132334582,53.75774760417275
Without_O2,SpinoHEML43W_v2,O_spinosa,L43W,1,3,801,99.38845193508114,53.35257178526842,46.03610112359551,53.680856021499785
Without_O2,SpinoHEMF125W_v2,O_spinosa,F125W,1,1,801,98.7560786516854,52.57187765293382,46.18441198501873,53.23406758418977
Without_O2,SpinoHEMF125W_v2,O_spinosa,F125W,1,2,801,99.30104494382023,52.732695380774025,46.56854806491885,53.10386754802797
Without_O2,SpinoHEMF125W_v2,O_spinosa,F125W,1,3,801,98.68995255930088,52.260465667915106,46.42969038701623,52.95419068776308
Without_O2,SpinoHEMF125L43W_v2,O_spinosa,F125W+L43W,2,1,801,101.3027902621723,54.60102496878902,46.70200374531835,53.89883617961677
Without_O2,SpinoHEMF125L43W_v2,O_spinosa,F125W+L43W,2,2,801,101.53397003745317,54.138754057428216,47.39544194756554,53.32082852414603
Without_O2,SpinoHEMF125L43W_v2,O_spinosa,F125W+L43W,2,3,801,97.14814981273409,52.016101123595504,45.132248439450684,53.543069244101325
With_O2,LegHEM22,P_sativum,WT,0,1,801,92.60415355805243,51.04433583021224,41.55997003745318,55.12100037522956
With_O2,LegHEM22,P_sativum,WT,0,2,801,89.82722721598002,49.35788139825218,40.46950436953808,54.947573166848855
With_O2,LegHEM22,P_sativum,WT,0,3,801,91.25037328339576,50.55702996254682,40.69351186017478,55.40473769409375
With_O2,LegHEMV83T,P_sativum,V83T,1,1,801,88.23829338327091,48.05780399500624,40.18064669163545,54.463659883201586
With_O2,LegHEMV83T,P_sativum,V83T,1,2,801,90.40969038701624,49.39000249687891,41.01985268414482,54.62910257236299
With_O2,LegHEMV83T,P_sativum,V83T,1,3,801,91.92388139825219,50.46982272159801,41.45422846441947,54.90392915736653
With_O2,SpinoHEMNatural,O_spinosa,WT,0,1,801,99.59671660424469,52.753812734082395,46.843108614232214,52.96742155035469
With_O2,SpinoHEMNatural,O_spinosa,WT,0,2,801,100.07993133583021,54.002751560549314,46.077408239700375,53.95962091474324
With_O2,SpinoHEMNatural,O_spinosa,WT,0,3,801,100.76506491885144,53.35983146067416,47.40543320848939,52.95469367647024
With_O2,SpinoHEMF125W,O_spinosa,F125W,1,1,801,98.68809737827715,53.220450686641705,45.4678327091136,53.92793264890361
With_O2,SpinoHEMF125W,O_spinosa,F125W,1,2,801,101.78995131086141,54.01265917602996,47.777526841448186,53.06285982108196
With_O2,SpinoHEMF125W,O_spinosa,F125W,1,3,801,99.88887016229712,53.575730337078646,46.31334831460674,53.63533519803562
With_O2,SpinoHEMF125L43W,O_spinosa,F125W+L43W,2,1,801,100.24365917602996,53.134414481897636,47.109451935081154,53.00526229653338
With_O2,SpinoHEMF125L43W,O_spinosa,F125W+L43W,2,2,801,99.23402372034955,52.51938826466916,46.714846441947564,52.92477952186393
With_O2,SpinoHEMF125L43W,O_spinosa,F125W+L43W,2,3,801,98.43105742821473,52.402383270911365,46.02887515605493,53.23765144870882
