species,mutation,n_mut,rel_cut,dist_cut,n_sel,n_patches,largest_res,largest_area,largest_area_sd
P_sativum,WT,0,15.0,4.5,42,6.8,4.4,2.677599999999999,0.48896494534657375
P_sativum,WT,0,15.0,5.5,42,7.85,8.35,5.545566666666668,1.0004061569627052
P_sativum,WT,0,15.0,6.5,42,5.95,25.05,16.47473333333333,3.0223889164404736
P_sativum,WT,0,25.0,4.5,30,3.55,2.2,1.660383333333333,0.18877615418502647
P_sativum,WT,0,25.0,5.5,30,4.85,3.6,2.8845,0.6554326348976597
P_sativum,WT,0,25.0,6.5,30,6.2,6.95,5.170766666666667,0.6826650398743637
P_sativum,V53T,1,15.0,4.5,40,6.75,3.95,2.5537000000000005,0.7585314898612392
P_sativum,V53T,1,15.0,5.5,40,8.05,5.9,3.8240499999999997,0.7458243632607702
P_sativum,V53T,1,15.0,6.5,40,5.3,18.7,12.222949999999999,2.4698950028853
P_sativum,V53T,1,25.0,4.5,31,3.4,2.65,1.953566666666666,0.36312425329814224
P_sativum,V53T,1,25.0,5.5,31,4.95,3.5,2.6687166666666666,0.54689823626826
P_sativum,V53T,1,25.0,6.5,31,5.4,9.85,7.0635,1.4290740300394984
P_sativum,V83T,1,15.0,4.5,42,6.85,3.75,2.3314666666666666,0.7018857330237039
P_sativum,V83T,1,15.0,5.5,42,6.6,11.0,6.25105,2.072993641183901
P_sativum,V83T,1,15.0,6.5,42,5.35,22.65,14.303250000000002,3.3461630379270058
P_sativum,V83T,1,25.0,4.5,30,3.4,2.25,1.8981166666666667,0.5347565102715233
P_sativum,V83T,1,25.0,5.5,30,5.1,3.6,2.913983333333334,0.7472588237834481
P_sativum,V83T,1,25.0,6.5,30,5.2,6.9,5.181116666666666,0.410178027405987
P_sativum,V53T+V83T,2,15.0,4.5,40,6.15,3.75,2.564233333333333,0.6319001512194083
P_sativum,V53T+V83T,2,15.0,5.5,40,7.15,7.65,4.938616666666666,1.985883288712831
P_sativum,V53T+V83T,2,15.0,6.5,40,5.1,24.05,15.485083333333332,2.5747164415070385
P_sativum,V53T+V83T,2,25.0,4.5,29,2.4,2.65,2.089433333333333,0.45894363125188553
P_sativum,V53T+V83T,2,25.0,5.5,29,3.8,4.2,3.069566666666666,0.6232186891007395
P_sativum,V53T+V83T,2,25.0,6.5,29,4.65,8.7,6.627183333333333,1.4763340764467157
O_spinosa,WT,0,15.0,4.5,40,7.4,2.65,2.3782500000000004,0.34398677098270986
O_spinosa,WT,0,15.0,5.5,40,8.7,5.55,3.6493499999999996,0.5000117384733194
O_spinosa,WT,0,15.0,6.5,40,4.9,14.2,8.730933333333335,0.8410001757167209
O_spinosa,WT,0,25.0,4.5,29,4.95,2.3,2.2793833333333335,0.4224476203559971
O_spinosa,WT,0,25.0,5.5,29,6.55,3.9,3.18025,0.35267370621518623
O_spinosa,WT,0,25.0,6.5,29,6.15,6.7,5.065716666666666,1.3448918142157176
O_spinosa,L43W,1,15.0,4.5,42,6.8,5.15,3.156850000000001,0.45030167017974365
O_spinosa,L43W,1,15.0,5.5,42,7.15,9.8,6.32725,1.5301165564717247
O_spinosa,L43W,1,15.0,6.5,42,5.8,14.6,9.769183333333332,1.0093957459512322
O_spinosa,L43W,1,25.0,4.5,27,4.1,2.05,2.223233333333334,0.3816628398643668
O_spinosa,L43W,1,25.0,5.5,27,6.2,3.5,3.191566666666666,0.8489343980674962
O_spinosa,L43W,1,25.0,6.5,27,7.25,5.9,4.957133333333334,0.958111947762079
O_spinosa,F125W,1,15.0,4.5,39,5.7,4.3,2.702966666666667,0.34456081385503556
O_spinosa,F125W,1,15.0,5.5,39,6.25,8.35,5.273700000000001,1.2972945048146247
O_spinosa,F125W,1,15.0,6.5,39,5.1,13.7,9.22505,0.8432787286340543
O_spinosa,F125W,1,25.0,4.5,28,3.7,2.55,2.3371000000000004,0.27408360646586166
O_spinosa,F125W,1,25.0,5.5,28,5.75,3.45,2.9704833333333336,0.5466060685417486
O_spinosa,F125W,1,25.0,6.5,28,6.55,5.25,4.03825,0.30981422524904584
O_spinosa,F125W+L43W,2,15.0,4.5,41,8.6,4.45,3.4677833333333323,0.8926813496116318
O_spinosa,F125W+L43W,2,15.0,5.5,41,7.75,9.65,6.5864,1.8032464630955656
O_spinosa,F125W+L43W,2,15.0,6.5,41,5.8,15.25,10.524599999999998,1.0114162985086255
O_spinosa,F125W+L43W,2,25.0,4.5,29,4.5,2.05,2.5908999999999995,0.25670313810140893
O_spinosa,F125W+L43W,2,25.0,5.5,29,7.75,2.65,2.8651833333333334,0.25608743027420233
O_spinosa,F125W+L43W,2,25.0,6.5,29,7.6,6.05,4.542416666666666,0.5849970833260624
