group,system,species,mutation,rep,fe_his,fe_his_sd,contacts,hem_rmsf
without_O2,LegHEM22,P_sativum,WT,1,2.2441015,0.065554574,191.72534332084894,8.516079711002874
without_O2,LegHEM22,P_sativum,WT,2,2.2428,0.06394578,205.03121098626715,12.492572633454676
without_O2,LegHEM22,P_sativum,WT,3,2.2496836,0.068814054,201.94007490636704,9.34160480179328
without_O2,LegHEMV53T,P_sativum,V53T,1,2.2303545,0.06903538,190.30961298377028,10.13008638176404
without_O2,LegHEMV53T,P_sativum,V53T,2,2.2398431,0.06316722,180.01622971285892,9.565531428934417
without_O2,LegHEMV53T,P_sativum,V53T,3,2.2398725,0.06609652,195.87890137328338,10.96885243110832
without_O2,LegHEMV83T,P_sativum,V83T,1,2.2361197,0.06306725,207.80898876404495,11.267140694657385
without_O2,LegHEMV83T,P_sativum,V83T,2,2.23845,0.065233916,176.541822721598,8.0418590356446
without_O2,LegHEMV83T,P_sativum,V83T,3,2.2381008,0.06484377,190.55430711610487,11.951037178278067
without_O2,LegHEMV53V83T,P_sativum,V53T_V83T,1,2.238565,0.06727591,179.89388264669162,10.682907175745996
without_O2,LegHEMV53V83T,P_sativum,V53T_V83T,2,2.2322042,0.06431264,184.56304619225966,11.345563959411118
without_O2,LegHEMV53V83T,P_sativum,V53T_V83T,3,2.2406235,0.065995224,194.9275905118602,8.952040534831022
without_O2,SpinoHEMNatural_v2,O_spinosa,WT,1,2.2455733,0.06417545,198.54681647940075,8.966154001743128
without_O2,SpinoHEMNatural_v2,O_spinosa,WT,2,2.248822,0.064764105,214.10861423220973,8.83239895433685
without_O2,SpinoHEMNatural_v2,O_spinosa,WT,3,2.24413,0.06418756,198.207240948814,8.582564943844675
without_O2,SpinoHEML43W_v2,O_spinosa,L43W,1,2.248392,0.0640287,200.99625468164794,9.159421605966639
without_O2,SpinoHEML43W_v2,O_spinosa,L43W,2,2.2460208,0.064181454,200.64044943820224,8.959552374838243
without_O2,SpinoHEML43W_v2,O_spinosa,L43W,3,2.250374,0.0618702,218.9725343320849,10.495226718058603
without_O2,SpinoHEMF125W_v2,O_spinosa,F125W,1,2.2481117,0.064174026,192.25842696629215,9.295799133559997
without_O2,SpinoHEMF125W_v2,O_spinosa,F125W,2,2.246733,0.064430974,198.4469413233458,9.638130626260654
without_O2,SpinoHEMF125W_v2,O_spinosa,F125W,3,2.2462013,0.062194496,188.25093632958803,9.786849600387415
without_O2,SpinoHEMF125L43W_v2,O_spinosa,F125W_L43W,1,2.2427182,0.065448865,211.8501872659176,8.730641532792689
without_O2,SpinoHEMF125L43W_v2,O_spinosa,F125W_L43W,2,2.2468412,0.061451156,203.20599250936328,8.709179839015128
without_O2,SpinoHEMF125L43W_v2,O_spinosa,F125W_L43W,3,2.25049,0.062647715,204.57053682896378,6.8985414153142
with_O2,LegHEM22,P_sativum,WT,1,2.2453992,0.065942414,195.20099875156055,9.272992091445003
with_O2,LegHEM22,P_sativum,WT,2,2.2369835,0.067457385,177.16604244694133,8.344918250891633
with_O2,LegHEM22,P_sativum,WT,3,2.2452796,0.06692873,194.78152309612983,8.998702480517716
with_O2,LegHEMV83T,P_sativum,V83T,1,2.2422588,0.06645923,202.78152309612983,8.91849732361487
with_O2,LegHEMV83T,P_sativum,V83T,2,2.2418017,0.06717279,180.31585518102372,8.209711702370267
with_O2,LegHEMV83T,P_sativum,V83T,3,2.240567,0.06783509,178.12734082397003,9.43943438423738
with_O2,SpinoHEMNatural,O_spinosa,WT,1,2.243364,0.06546718,206.95630461922596,8.319065784371256
with_O2,SpinoHEMNatural,O_spinosa,WT,2,2.2505074,0.06368788,202.21223470661673,6.866941848988873
with_O2,SpinoHEMNatural,O_spinosa,WT,3,2.2514317,0.062280778,212.88514357053683,9.586102379993305
with_O2,SpinoHEMF125W,O_spinosa,F125W,1,2.247757,0.06758306,180.79151061173533,9.03898947776398
with_O2,SpinoHEMF125W,O_spinosa,F125W,2,2.2491333,0.06813985,198.12359550561797,8.86027126588889
with_O2,SpinoHEMF125W,O_spinosa,F125W,3,2.2507257,0.062920146,202.22471910112358,10.626660802030093
with_O2,SpinoHEMF125L43W,O_spinosa,F125W_L43W,1,2.2476032,0.06480502,200.28838951310863,9.033956114485049
with_O2,SpinoHEMF125L43W,O_spinosa,F125W_L43W,2,2.250486,0.06385106,204.88888888888889,9.048603518198423
with_O2,SpinoHEMF125L43W,O_spinosa,F125W_L43W,3,2.245977,0.06164516,213.46192259675405,8.016477940435417
