group,system,species,mutation,rep,coul_sr,lj_sr,coul_err,lj_err
without_O2,LegHEM22,P_sativum,WT,1,-21.6379,-213.156,7.8,1.4
without_O2,LegHEMV53T,P_sativum,V53T,1,-1.86015,-221.685,26,1.5
without_O2,LegHEMV83T,P_sativum,V83T,1,-84.6156,-218.988,9.9,1.3
without_O2,LegHEMV53V83T,P_sativum,V53T_V83T,1,-26.1987,-208.072,25,1.2
without_O2,SpinoHEMNatural_v2,O_spinosa,WT,1,-12.3674,-224.451,32,4.2
without_O2,SpinoHEML43W_v2,O_spinosa,L43W,1,-16.9118,-221.937,29,3.1
without_O2,SpinoHEMF125W_v2,O_spinosa,F125W,1,12.8152,-217.169,7.9,1.3
without_O2,SpinoHEMF125L43W_v2,O_spinosa,F125W_L43W,1,-49.1209,-223.576,25,1.9
with_O2,LegHEM22,P_sativum,WT,1,-14.709,-217.084,5.4,1.1
without_O2,LegHEM22,P_sativum,WT,2,-96.5197,-220.488,28,1.6
without_O2,LegHEMV53T,P_sativum,V53T,2,-6.03598,-209.478,29,1.9
without_O2,LegHEMV83T,P_sativum,V83T,2,41.1926,-216.404,24,1.8
without_O2,LegHEMV53V83T,P_sativum,V53T_V83T,2,-3.46295,-215.408,19,2.9
without_O2,SpinoHEMNatural_v2,O_spinosa,WT,2,-91.616,-219.227,17,1.1
without_O2,SpinoHEML43W_v2,O_spinosa,L43W,2,-39.9075,-221.687,28,3.5
without_O2,SpinoHEMF125W_v2,O_spinosa,F125W,2,-3.47111,-217.412,13,2
without_O2,SpinoHEMF125L43W_v2,O_spinosa,F125W_L43W,2,-16.9947,-222.3,30,3.4
with_O2,LegHEM22,P_sativum,WT,2,16.1117,-209.604,18,1.9
without_O2,LegHEM22,P_sativum,WT,3,-73.872,-219.205,25,3.1
without_O2,LegHEMV53T,P_sativum,V53T,3,-54.5985,-212.559,25,2
without_O2,LegHEMV83T,P_sativum,V83T,3,-34.7672,-211.368,23,2.1
without_O2,LegHEMV53V83T,P_sativum,V53T_V83T,3,-22.639,-218.811,9.2,1.9
without_O2,SpinoHEMNatural_v2,O_spinosa,WT,3,-5.5682,-220.671,31,1.5
without_O2,SpinoHEML43W_v2,O_spinosa,L43W,3,-111.434,-221.57,13,1.9
without_O2,SpinoHEMF125W_v2,O_spinosa,F125W,3,51.0997,-223.58,37,0.97
without_O2,SpinoHEMF125L43W_v2,O_spinosa,F125W_L43W,3,-53.4836,-216.79,15,2.5
with_O2,LegHEM22,P_sativum,WT,3,-32.0678,-218.83,23,2.5
