group,system,species,mutation,rmsd_bb_A_mean,rmsd_bb_A_std,rmsd_bb_A_count,rmsf_ca_A_mean,rmsf_ca_A_std,rmsf_ca_A_count,rg_nm_mean,rg_nm_std,rg_nm_count,sasa_nm2_mean,sasa_nm2_std,sasa_nm2_count,hbonds_mean,hbonds_std,hbonds_count,helix_pct_mean,helix_pct_std,helix_pct_count
With_O2,LegHEM22,P_sativum,WT,2.7481844839783602,1.0690446687270687,3,1.1386965517241379,0.2906467786106802,3,1.5418607823553891,0.02217300898174888,3,92.11966000832292,2.3731983977849156,3,111.76446109030378,3.06491893619059,3,,,0
With_O2,LegHEMV83T,P_sativum,V83T,2.7154734444444446,1.2102053358458904,3,1.1343402298850576,0.34737003515533804,3,1.5369648730753225,0.02884470564099111,3,90.57786641697878,2.9811116528775434,3,114.13566375364128,1.5338593184121387,3,,,0
With_O2,SpinoHEMF125L43W,O_spinosa,F125W+L43W,4.64791475093633,0.242786461325463,2,2.4303373493975906,0.38655738662118544,2,1.7232942446941322,0.03231640421542766,2,111.82563108614232,0.8255043522052136,2,121.49063670411985,1.4230413623879012,2,,,0
With_O2,SpinoHEMF125W,O_spinosa,F125W,5.410880141905952,2.0567278542155565,3,2.0438192771084336,0.9420971010930548,3,1.722014502704952,0.08018851227282142,3,111.35330961298378,5.523141822571378,3,120.51851851851852,4.599311313320765,3,,,0
With_O2,SpinoHEMNatural,O_spinosa,WT,5.614914474406992,0.21048665939865932,3,2.8861485943775107,0.272021462487084,3,1.7308790803162715,0.022358837601169898,3,112.30643528922182,1.6297904074145022,3,120.57761131918436,2.0781512496216696,3,,,0
Without_O2,LegHEM22,P_sativum,WT,3.7267458959633792,1.719724567547347,3,1.2926298850574713,0.3894395452410331,3,1.5498327965043694,0.02746045448316203,3,90.66031751976696,2.254024947381758,3,113.74698293799418,1.202931066997829,3,,,0
Without_O2,LegHEMV53T,P_sativum,V53T,3.7018453770287145,1.1876878717119335,3,1.3926160919540227,0.3322650650493359,3,1.5587162380357886,0.01948970525683931,3,91.44280565959218,1.9586046744767778,3,113.41614648356222,1.7262790955498066,3,,,0
Without_O2,LegHEMV53V83T,P_sativum,V53T+V83T,3.5781390819808574,0.4324061096364091,3,1.3216896551724138,0.22332736745836998,3,1.5459364169787768,0.017034503156349117,3,92.23594049105286,1.1410327630309804,3,114.17478152309612,1.5067733241689993,3,,,0
Without_O2,LegHEMV83T,P_sativum,V83T,2.7590326616729093,1.752638760038744,3,1.0410643678160918,0.49038085188651903,3,1.5418932334581772,0.030645890588112647,3,91.20514773200166,3.0095350292139043,3,114.34082397003745,1.070858353932488,3,,,0
Without_O2,SpinoHEMF125L43W_v2,O_spinosa,F125W+L43W,6.51874157636288,1.292358367643171,3,2.6665542168674703,0.6828986557808956,3,1.7028981065334996,0.060952758297768014,3,111.34300166458593,4.196349636880857,3,122.38451935081149,2.726473716193717,3,,,0
Without_O2,SpinoHEMF125W_v2,O_spinosa,F125W,5.2181553158551806,0.2547051227537016,3,2.2356064257028114,0.26198679285754106,3,1.675016246358718,0.02412770531242758,3,110.01965667915107,1.488405318421032,3,124.16021639617145,1.1363489915592317,3,,,0
Without_O2,SpinoHEML43W_v2,O_spinosa,L43W,5.558107108198086,1.274161687963678,3,1.8376787148594378,0.4922365129005628,3,1.6958373533083648,0.0526185782915782,3,109.94989679567209,2.167112765949353,3,125.05118601747814,2.088466815215896,3,,,0
Without_O2,SpinoHEMNatural_v2,O_spinosa,WT,4.723624423220975,0.651043585735297,3,2.016236947791165,0.4581250245471436,3,1.6852652975447358,0.022024766708242532,3,109.56029504785683,1.1841076545588176,3,125.0749063670412,1.6021574222564332,3,,,0
